waktu,hari,idrelay,status
0,0,0,0
1,0,0,0
2,0,0,0
3,0,0,0
4,0,0,0
5,0,0,0
6,0,0,0
7,0,0,0
8,0,0,0
9,0,0,0
10,0,0,0
11,0,0,0
12,0,0,0
13,0,0,0
14,0,0,0
15,0,0,0
16,0,0,0
17,0,0,0
18,0,0,0
19,0,0,0
20,0,0,0
21,0,0,0
22,0,0,0
23,0,0,0
24,0,0,0
25,0,0,0
26,0,0,0
27,0,0,0
28,0,0,0
29,0,0,0
30,0,0,0
31,0,0,0
32,0,0,0
33,0,0,0
34,0,0,0
35,0,0,0
36,0,0,0
37,0,0,0
38,0,0,0
39,0,0,0
40,0,0,0
41,0,0,0
42,0,0,0
43,0,0,0
44,0,0,0
45,0,0,0
46,0,0,0
47,0,0,0
48,0,0,0
49,0,0,0
50,0,0,0
51,0,0,0
52,0,0,0
53,0,0,0
54,0,0,0
55,0,0,0
56,0,0,0
57,0,0,0
58,0,0,0
59,0,0,0
60,0,0,0
61,0,0,0
62,0,0,0
63,0,0,0
64,0,0,0
65,0,0,0
66,0,0,0
67,0,0,0
68,0,0,0
69,0,0,0
70,0,0,0
71,0,0,0
72,0,0,0
73,0,0,0
74,0,0,0
75,0,0,0
76,0,0,0
77,0,0,0
78,0,0,0
79,0,0,0
80,0,0,0
81,0,0,0
82,0,0,0
83,0,0,0
84,0,0,0
85,0,0,0
86,0,0,0
87,0,0,0
88,0,0,0
89,0,0,1
90,0,0,1
91,0,0,1
92,0,0,1
93,0,0,1
94,0,0,1
95,0,0,1
96,0,0,1
97,0,0,1
98,0,0,1
99,0,0,1
100,0,0,1
101,0,0,1
102,0,0,1
103,0,0,1
104,0,0,1
105,0,0,1
106,0,0,1
107,0,0,1
108,0,0,1
109,0,0,1
110,0,0,1
111,0,0,1
112,0,0,1
113,0,0,1
114,0,0,1
115,0,0,1
116,0,0,1
117,0,0,1
118,0,0,1
119,0,0,1
120,0,0,1
121,0,0,1
122,0,0,1
123,0,0,1
124,0,0,1
125,0,0,1
126,0,0,1
127,0,0,1
128,0,0,1
129,0,0,1
130,0,0,1
131,0,0,1
132,0,0,1
133,0,0,1
134,0,0,1
135,0,0,1
136,0,0,1
137,0,0,1
138,0,0,1
139,0,0,1
140,0,0,1
141,0,0,1
142,0,0,1
143,0,0,1
144,0,0,1
145,0,0,1
146,0,0,1
147,0,0,1
148,0,0,1
149,0,0,1
150,0,0,0
151,0,0,0
152,0,0,0
153,0,0,0
154,0,0,0
155,0,0,0
156,0,0,0
157,0,0,0
158,0,0,0
159,0,0,0
160,0,0,0
161,0,0,0
162,0,0,0
163,0,0,0
164,0,0,0
165,0,0,0
166,0,0,0
167,0,0,0
168,0,0,0
169,0,0,0
170,0,0,0
171,0,0,0
172,0,0,0
173,0,0,0
174,0,0,0
175,0,0,0
176,0,0,0
177,0,0,0
178,0,0,0
179,0,0,0
180,0,0,0
181,0,0,0
182,0,0,0
183,0,0,0
184,0,0,0
185,0,0,0
186,0,0,0
187,0,0,0
188,0,0,0
189,0,0,0
190,0,0,0
191,0,0,0
192,0,0,0
193,0,0,0
194,0,0,0
195,0,0,0
196,0,0,0
197,0,0,0
198,0,0,0
199,0,0,0
200,0,0,0
201,0,0,0
202,0,0,0
203,0,0,0
204,0,0,0
205,0,0,0
206,0,0,0
207,0,0,0
208,0,0,0
209,0,0,0
210,0,0,0
211,0,0,0
212,0,0,0
213,0,0,0
214,0,0,0
215,0,0,0
216,0,0,0
217,0,0,0
218,0,0,0
219,0,0,0
220,0,0,0
221,0,0,0
222,0,0,0
223,0,0,0
224,0,0,0
225,0,0,0
226,0,0,0
227,0,0,0
228,0,0,0
229,0,0,0
230,0,0,0
231,0,0,0
232,0,0,0
233,0,0,0
234,0,0,0
235,0,0,0
236,0,0,0
237,0,0,0
238,0,0,0
239,0,0,0
240,0,0,0
241,0,0,0
242,0,0,0
243,0,0,0
244,0,0,0
245,0,0,0
246,0,0,0
247,0,0,0
248,0,0,0
249,0,0,0
250,0,0,0
251,0,0,0
252,0,0,0
253,0,0,0
254,0,0,0
255,0,0,0
256,0,0,0
257,0,0,0
258,0,0,0
259,0,0,0
260,0,0,0
261,0,0,0
262,0,0,0
263,0,0,0
264,0,0,0
265,0,0,0
266,0,0,0
267,0,0,0
268,0,0,0
269,0,0,0
270,0,0,0
271,0,0,0
272,0,0,0
273,0,0,0
274,0,0,0
275,0,0,0
276,0,0,0
277,0,0,0
278,0,0,0
279,0,0,0
280,0,0,0
281,0,0,0
282,0,0,0
283,0,0,0
284,0,0,0
285,0,0,0
286,0,0,0
287,0,0,0
0,1,0,0
1,1,0,0
2,1,0,0
3,1,0,0
4,1,0,0
5,1,0,0
6,1,0,0
7,1,0,0
8,1,0,0
9,1,0,0
10,1,0,0
11,1,0,0
12,1,0,0
13,1,0,0
14,1,0,0
15,1,0,0
16,1,0,0
17,1,0,0
18,1,0,0
19,1,0,0
20,1,0,0
21,1,0,0
22,1,0,0
23,1,0,0
24,1,0,0
25,1,0,0
26,1,0,0
27,1,0,0
28,1,0,0
29,1,0,0
30,1,0,0
31,1,0,0
32,1,0,0
33,1,0,0
34,1,0,0
35,1,0,0
36,1,0,0
37,1,0,0
38,1,0,0
39,1,0,0
40,1,0,0
41,1,0,0
42,1,0,0
43,1,0,0
44,1,0,0
45,1,0,0
46,1,0,0
47,1,0,0
48,1,0,0
49,1,0,0
50,1,0,0
51,1,0,0
52,1,0,0
53,1,0,0
54,1,0,0
55,1,0,0
56,1,0,0
57,1,0,0
58,1,0,0
59,1,0,0
60,1,0,0
61,1,0,0
62,1,0,0
63,1,0,0
64,1,0,0
65,1,0,0
66,1,0,0
67,1,0,0
68,1,0,0
69,1,0,0
70,1,0,0
71,1,0,0
72,1,0,0
73,1,0,0
74,1,0,0
75,1,0,0
76,1,0,0
77,1,0,0
78,1,0,0
79,1,0,0
80,1,0,0
81,1,0,0
82,1,0,0
83,1,0,0
84,1,0,0
85,1,0,0
86,1,0,0
87,1,0,0
88,1,0,0
89,1,0,0
90,1,0,0
91,1,0,0
92,1,0,0
93,1,0,0
94,1,0,0
95,1,0,0
96,1,0,0
97,1,0,0
98,1,0,0
99,1,0,0
100,1,0,0
101,1,0,1
102,1,0,1
103,1,0,1
104,1,0,1
105,1,0,1
106,1,0,1
107,1,0,1
108,1,0,1
109,1,0,1
110,1,0,1
111,1,0,1
112,1,0,1
113,1,0,1
114,1,0,1
115,1,0,1
116,1,0,1
117,1,0,1
118,1,0,1
119,1,0,1
120,1,0,1
121,1,0,1
122,1,0,1
123,1,0,1
124,1,0,1
125,1,0,1
126,1,0,1
127,1,0,1
128,1,0,1
129,1,0,1
130,1,0,1
131,1,0,1
132,1,0,1
133,1,0,1
134,1,0,1
135,1,0,1
136,1,0,1
137,1,0,1
138,1,0,1
139,1,0,1
140,1,0,1
141,1,0,1
142,1,0,1
143,1,0,1
144,1,0,1
145,1,0,1
146,1,0,1
147,1,0,1
148,1,0,1
149,1,0,1
150,1,0,1
151,1,0,1
152,1,0,1
153,1,0,1
154,1,0,1
155,1,0,1
156,1,0,1
157,1,0,1
158,1,0,1
159,1,0,1
160,1,0,1
161,1,0,1
162,1,0,1
163,1,0,1
164,1,0,1
165,1,0,1
166,1,0,1
167,1,0,1
168,1,0,1
169,1,0,1
170,1,0,1
171,1,0,1
172,1,0,1
173,1,0,1
174,1,0,0
175,1,0,0
176,1,0,0
177,1,0,0
178,1,0,0
179,1,0,0
180,1,0,0
181,1,0,0
182,1,0,0
183,1,0,0
184,1,0,0
185,1,0,0
186,1,0,0
187,1,0,0
188,1,0,0
189,1,0,0
190,1,0,0
191,1,0,0
192,1,0,0
193,1,0,0
194,1,0,0
195,1,0,0
196,1,0,0
197,1,0,0
198,1,0,0
199,1,0,0
200,1,0,0
201,1,0,0
202,1,0,0
203,1,0,0
204,1,0,0
205,1,0,0
206,1,0,0
207,1,0,0
208,1,0,0
209,1,0,0
210,1,0,0
211,1,0,0
212,1,0,0
213,1,0,0
214,1,0,0
215,1,0,0
216,1,0,0
217,1,0,0
218,1,0,0
219,1,0,0
220,1,0,0
221,1,0,0
222,1,0,0
223,1,0,0
224,1,0,0
225,1,0,0
226,1,0,0
227,1,0,0
228,1,0,0
229,1,0,0
230,1,0,0
231,1,0,0
232,1,0,0
233,1,0,0
234,1,0,0
235,1,0,0
236,1,0,0
237,1,0,0
238,1,0,0
239,1,0,0
240,1,0,0
241,1,0,0
242,1,0,0
243,1,0,0
244,1,0,0
245,1,0,0
246,1,0,0
247,1,0,0
248,1,0,0
249,1,0,0
250,1,0,0
251,1,0,0
252,1,0,0
253,1,0,0
254,1,0,0
255,1,0,0
256,1,0,0
257,1,0,0
258,1,0,0
259,1,0,0
260,1,0,0
261,1,0,0
262,1,0,0
263,1,0,0
264,1,0,0
265,1,0,0
266,1,0,0
267,1,0,0
268,1,0,0
269,1,0,0
270,1,0,0
271,1,0,0
272,1,0,0
273,1,0,0
274,1,0,0
275,1,0,0
276,1,0,0
277,1,0,0
278,1,0,0
279,1,0,0
280,1,0,0
281,1,0,0
282,1,0,0
283,1,0,0
284,1,0,0
285,1,0,0
286,1,0,0
287,1,0,0
0,2,0,0
1,2,0,0
2,2,0,0
3,2,0,0
4,2,0,0
5,2,0,0
6,2,0,0
7,2,0,0
8,2,0,0
9,2,0,0
10,2,0,0
11,2,0,0
12,2,0,0
13,2,0,0
14,2,0,0
15,2,0,0
16,2,0,0
17,2,0,0
18,2,0,0
19,2,0,0
20,2,0,0
21,2,0,0
22,2,0,0
23,2,0,0
24,2,0,0
25,2,0,0
26,2,0,0
27,2,0,0
28,2,0,0
29,2,0,0
30,2,0,0
31,2,0,0
32,2,0,0
33,2,0,0
34,2,0,0
35,2,0,0
36,2,0,0
37,2,0,0
38,2,0,0
39,2,0,0
40,2,0,0
41,2,0,0
42,2,0,0
43,2,0,0
44,2,0,0
45,2,0,0
46,2,0,0
47,2,0,0
48,2,0,0
49,2,0,0
50,2,0,0
51,2,0,0
52,2,0,0
53,2,0,0
54,2,0,0
55,2,0,0
56,2,0,0
57,2,0,0
58,2,0,0
59,2,0,0
60,2,0,0
61,2,0,0
62,2,0,0
63,2,0,0
64,2,0,0
65,2,0,0
66,2,0,0
67,2,0,0
68,2,0,0
69,2,0,0
70,2,0,0
71,2,0,0
72,2,0,0
73,2,0,0
74,2,0,0
75,2,0,0
76,2,0,0
77,2,0,0
78,2,0,0
79,2,0,0
80,2,0,0
81,2,0,0
82,2,0,0
83,2,0,0
84,2,0,0
85,2,0,0
86,2,0,0
87,2,0,0
88,2,0,0
89,2,0,0
90,2,0,0
91,2,0,0
92,2,0,0
93,2,0,0
94,2,0,0
95,2,0,0
96,2,0,0
97,2,0,0
98,2,0,0
99,2,0,0
100,2,0,0
101,2,0,0
102,2,0,0
103,2,0,0
104,2,0,0
105,2,0,0
106,2,0,0
107,2,0,0
108,2,0,0
109,2,0,0
110,2,0,0
111,2,0,0
112,2,0,0
113,2,0,0
114,2,0,0
115,2,0,0
116,2,0,0
117,2,0,0
118,2,0,0
119,2,0,0
120,2,0,0
121,2,0,0
122,2,0,0
123,2,0,0
124,2,0,0
125,2,0,0
126,2,0,0
127,2,0,0
128,2,0,0
129,2,0,0
130,2,0,0
131,2,0,0
132,2,0,0
133,2,0,0
134,2,0,0
135,2,0,0
136,2,0,0
137,2,0,0
138,2,0,0
139,2,0,0
140,2,0,0
141,2,0,0
142,2,0,0
143,2,0,0
144,2,0,0
145,2,0,0
146,2,0,0
147,2,0,0
148,2,0,0
149,2,0,0
150,2,0,0
151,2,0,0
152,2,0,0
153,2,0,0
154,2,0,0
155,2,0,0
156,2,0,0
157,2,0,0
158,2,0,0
159,2,0,0
160,2,0,0
161,2,0,0
162,2,0,0
163,2,0,0
164,2,0,0
165,2,0,0
166,2,0,0
167,2,0,0
168,2,0,0
169,2,0,0
170,2,0,0
171,2,0,0
172,2,0,0
173,2,0,0
174,2,0,0
175,2,0,0
176,2,0,0
177,2,0,0
178,2,0,0
179,2,0,0
180,2,0,0
181,2,0,0
182,2,0,0
183,2,0,0
184,2,0,0
185,2,0,1
186,2,0,1
187,2,0,1
188,2,0,1
189,2,0,1
190,2,0,1
191,2,0,1
192,2,0,1
193,2,0,1
194,2,0,1
195,2,0,1
196,2,0,1
197,2,0,1
198,2,0,1
199,2,0,1
200,2,0,1
201,2,0,1
202,2,0,1
203,2,0,1
204,2,0,1
205,2,0,1
206,2,0,1
207,2,0,1
208,2,0,1
209,2,0,1
210,2,0,1
211,2,0,1
212,2,0,1
213,2,0,1
214,2,0,1
215,2,0,1
216,2,0,1
217,2,0,1
218,2,0,1
219,2,0,1
220,2,0,1
221,2,0,1
222,2,0,0
223,2,0,0
224,2,0,0
225,2,0,0
226,2,0,0
227,2,0,0
228,2,0,0
229,2,0,0
230,2,0,0
231,2,0,0
232,2,0,0
233,2,0,0
234,2,0,0
235,2,0,0
236,2,0,0
237,2,0,0
238,2,0,0
239,2,0,0
240,2,0,0
241,2,0,0
242,2,0,0
243,2,0,0
244,2,0,0
245,2,0,0
246,2,0,0
247,2,0,0
248,2,0,0
249,2,0,0
250,2,0,0
251,2,0,0
252,2,0,0
253,2,0,0
254,2,0,0
255,2,0,0
256,2,0,0
257,2,0,0
258,2,0,0
259,2,0,0
260,2,0,0
261,2,0,0
262,2,0,0
263,2,0,0
264,2,0,0
265,2,0,0
266,2,0,0
267,2,0,0
268,2,0,0
269,2,0,0
270,2,0,0
271,2,0,0
272,2,0,0
273,2,0,0
274,2,0,0
275,2,0,0
276,2,0,0
277,2,0,0
278,2,0,0
279,2,0,0
280,2,0,0
281,2,0,0
282,2,0,0
283,2,0,0
284,2,0,0
285,2,0,0
286,2,0,0
287,2,0,0
0,3,0,0
1,3,0,0
2,3,0,0
3,3,0,0
4,3,0,0
5,3,0,0
6,3,0,0
7,3,0,0
8,3,0,0
9,3,0,0
10,3,0,0
11,3,0,0
12,3,0,0
13,3,0,0
14,3,0,0
15,3,0,0
16,3,0,0
17,3,0,0
18,3,0,0
19,3,0,0
20,3,0,0
21,3,0,0
22,3,0,0
23,3,0,0
24,3,0,0
25,3,0,0
26,3,0,0
27,3,0,0
28,3,0,0
29,3,0,0
30,3,0,0
31,3,0,0
32,3,0,0
33,3,0,0
34,3,0,0
35,3,0,0
36,3,0,0
37,3,0,0
38,3,0,0
39,3,0,0
40,3,0,0
41,3,0,0
42,3,0,0
43,3,0,0
44,3,0,0
45,3,0,0
46,3,0,0
47,3,0,0
48,3,0,0
49,3,0,0
50,3,0,0
51,3,0,0
52,3,0,0
53,3,0,0
54,3,0,0
55,3,0,0
56,3,0,0
57,3,0,0
58,3,0,0
59,3,0,0
60,3,0,0
61,3,0,0
62,3,0,0
63,3,0,0
64,3,0,0
65,3,0,0
66,3,0,0
67,3,0,0
68,3,0,0
69,3,0,0
70,3,0,0
71,3,0,0
72,3,0,0
73,3,0,0
74,3,0,0
75,3,0,0
76,3,0,0
77,3,0,0
78,3,0,0
79,3,0,0
80,3,0,0
81,3,0,0
82,3,0,0
83,3,0,0
84,3,0,0
85,3,0,0
86,3,0,0
87,3,0,0
88,3,0,0
89,3,0,1
90,3,0,1
91,3,0,1
92,3,0,1
93,3,0,1
94,3,0,1
95,3,0,1
96,3,0,1
97,3,0,1
98,3,0,1
99,3,0,1
100,3,0,1
101,3,0,1
102,3,0,1
103,3,0,1
104,3,0,1
105,3,0,1
106,3,0,1
107,3,0,1
108,3,0,1
109,3,0,1
110,3,0,1
111,3,0,1
112,3,0,1
113,3,0,1
114,3,0,1
115,3,0,1
116,3,0,1
117,3,0,1
118,3,0,1
119,3,0,1
120,3,0,1
121,3,0,1
122,3,0,1
123,3,0,1
124,3,0,1
125,3,0,1
126,3,0,1
127,3,0,1
128,3,0,1
129,3,0,1
130,3,0,1
131,3,0,1
132,3,0,1
133,3,0,1
134,3,0,1
135,3,0,1
136,3,0,1
137,3,0,1
138,3,0,1
139,3,0,1
140,3,0,1
141,3,0,1
142,3,0,1
143,3,0,1
144,3,0,1
145,3,0,1
146,3,0,1
147,3,0,1
148,3,0,1
149,3,0,1
150,3,0,1
151,3,0,1
152,3,0,1
153,3,0,1
154,3,0,1
155,3,0,1
156,3,0,1
157,3,0,1
158,3,0,1
159,3,0,1
160,3,0,1
161,3,0,1
162,3,0,1
163,3,0,1
164,3,0,1
165,3,0,1
166,3,0,1
167,3,0,1
168,3,0,1
169,3,0,1
170,3,0,1
171,3,0,1
172,3,0,1
173,3,0,1
174,3,0,1
175,3,0,1
176,3,0,1
177,3,0,1
178,3,0,1
179,3,0,1
180,3,0,1
181,3,0,1
182,3,0,1
183,3,0,1
184,3,0,1
185,3,0,1
186,3,0,1
187,3,0,1
188,3,0,1
189,3,0,1
190,3,0,1
191,3,0,1
192,3,0,1
193,3,0,1
194,3,0,1
195,3,0,1
196,3,0,1
197,3,0,1
198,3,0,1
199,3,0,1
200,3,0,1
201,3,0,1
202,3,0,1
203,3,0,1
204,3,0,1
205,3,0,1
206,3,0,1
207,3,0,1
208,3,0,1
209,3,0,1
210,3,0,1
211,3,0,1
212,3,0,1
213,3,0,1
214,3,0,1
215,3,0,1
216,3,0,1
217,3,0,1
218,3,0,1
219,3,0,1
220,3,0,1
221,3,0,1
222,3,0,0
223,3,0,0
224,3,0,0
225,3,0,0
226,3,0,0
227,3,0,0
228,3,0,0
229,3,0,0
230,3,0,0
231,3,0,0
232,3,0,0
233,3,0,0
234,3,0,0
235,3,0,0
236,3,0,0
237,3,0,0
238,3,0,0
239,3,0,0
240,3,0,0
241,3,0,0
242,3,0,0
243,3,0,0
244,3,0,0
245,3,0,0
246,3,0,0
247,3,0,0
248,3,0,0
249,3,0,0
250,3,0,0
251,3,0,0
252,3,0,0
253,3,0,0
254,3,0,0
255,3,0,0
256,3,0,0
257,3,0,0
258,3,0,0
259,3,0,0
260,3,0,0
261,3,0,0
262,3,0,0
263,3,0,0
264,3,0,0
265,3,0,0
266,3,0,0
267,3,0,0
268,3,0,0
269,3,0,0
270,3,0,0
271,3,0,0
272,3,0,0
273,3,0,0
274,3,0,0
275,3,0,0
276,3,0,0
277,3,0,0
278,3,0,0
279,3,0,0
280,3,0,0
281,3,0,0
282,3,0,0
283,3,0,0
284,3,0,0
285,3,0,0
286,3,0,0
287,3,0,0
0,4,0,0
1,4,0,0
2,4,0,0
3,4,0,0
4,4,0,0
5,4,0,0
6,4,0,0
7,4,0,0
8,4,0,0
9,4,0,0
10,4,0,0
11,4,0,0
12,4,0,0
13,4,0,0
14,4,0,0
15,4,0,0
16,4,0,0
17,4,0,0
18,4,0,0
19,4,0,0
20,4,0,0
21,4,0,0
22,4,0,0
23,4,0,0
24,4,0,0
25,4,0,0
26,4,0,0
27,4,0,0
28,4,0,0
29,4,0,0
30,4,0,0
31,4,0,0
32,4,0,0
33,4,0,0
34,4,0,0
35,4,0,0
36,4,0,0
37,4,0,0
38,4,0,0
39,4,0,0
40,4,0,0
41,4,0,0
42,4,0,0
43,4,0,0
44,4,0,0
45,4,0,0
46,4,0,0
47,4,0,0
48,4,0,0
49,4,0,0
50,4,0,0
51,4,0,0
52,4,0,0
53,4,0,0
54,4,0,0
55,4,0,0
56,4,0,0
57,4,0,0
58,4,0,0
59,4,0,0
60,4,0,0
61,4,0,0
62,4,0,0
63,4,0,0
64,4,0,0
65,4,0,0
66,4,0,0
67,4,0,0
68,4,0,0
69,4,0,0
70,4,0,0
71,4,0,0
72,4,0,0
73,4,0,0
74,4,0,0
75,4,0,0
76,4,0,0
77,4,0,0
78,4,0,0
79,4,0,0
80,4,0,0
81,4,0,0
82,4,0,0
83,4,0,0
84,4,0,0
85,4,0,0
86,4,0,0
87,4,0,0
88,4,0,0
89,4,0,0
90,4,0,0
91,4,0,0
92,4,0,0
93,4,0,0
94,4,0,0
95,4,0,0
96,4,0,0
97,4,0,0
98,4,0,1
99,4,0,1
100,4,0,1
101,4,0,1
102,4,0,1
103,4,0,1
104,4,0,1
105,4,0,1
106,4,0,1
107,4,0,1
108,4,0,1
109,4,0,1
110,4,0,1
111,4,0,1
112,4,0,1
113,4,0,1
114,4,0,1
115,4,0,1
116,4,0,1
117,4,0,1
118,4,0,1
119,4,0,1
120,4,0,1
121,4,0,1
122,4,0,1
123,4,0,1
124,4,0,1
125,4,0,1
126,4,0,1
127,4,0,1
128,4,0,1
129,4,0,1
130,4,0,1
131,4,0,1
132,4,0,1
133,4,0,1
134,4,0,1
135,4,0,1
136,4,0,1
137,4,0,1
138,4,0,1
139,4,0,1
140,4,0,1
141,4,0,1
142,4,0,1
143,4,0,1
144,4,0,1
145,4,0,1
146,4,0,1
147,4,0,1
148,4,0,1
149,4,0,1
150,4,0,1
151,4,0,1
152,4,0,1
153,4,0,0
154,4,0,0
155,4,0,0
156,4,0,0
157,4,0,0
158,4,0,0
159,4,0,0
160,4,0,0
161,4,0,0
162,4,0,0
163,4,0,0
164,4,0,0
165,4,0,0
166,4,0,0
167,4,0,0
168,4,0,0
169,4,0,0
170,4,0,0
171,4,0,0
172,4,0,0
173,4,0,0
174,4,0,0
175,4,0,0
176,4,0,0
177,4,0,0
178,4,0,0
179,4,0,0
180,4,0,0
181,4,0,0
182,4,0,0
183,4,0,0
184,4,0,0
185,4,0,0
186,4,0,0
187,4,0,0
188,4,0,0
189,4,0,0
190,4,0,0
191,4,0,0
192,4,0,0
193,4,0,0
194,4,0,0
195,4,0,0
196,4,0,0
197,4,0,0
198,4,0,0
199,4,0,0
200,4,0,0
201,4,0,0
202,4,0,0
203,4,0,0
204,4,0,0
205,4,0,0
206,4,0,0
207,4,0,0
208,4,0,0
209,4,0,0
210,4,0,0
211,4,0,0
212,4,0,0
213,4,0,0
214,4,0,0
215,4,0,0
216,4,0,0
217,4,0,0
218,4,0,0
219,4,0,0
220,4,0,0
221,4,0,0
222,4,0,0
223,4,0,0
224,4,0,0
225,4,0,0
226,4,0,0
227,4,0,0
228,4,0,0
229,4,0,0
230,4,0,0
231,4,0,0
232,4,0,0
233,4,0,0
234,4,0,0
235,4,0,0
236,4,0,0
237,4,0,0
238,4,0,0
239,4,0,0
240,4,0,0
241,4,0,0
242,4,0,0
243,4,0,0
244,4,0,0
245,4,0,0
246,4,0,0
247,4,0,0
248,4,0,0
249,4,0,0
250,4,0,0
251,4,0,0
252,4,0,0
253,4,0,0
254,4,0,0
255,4,0,0
256,4,0,0
257,4,0,0
258,4,0,0
259,4,0,0
260,4,0,0
261,4,0,0
262,4,0,0
263,4,0,0
264,4,0,0
265,4,0,0
266,4,0,0
267,4,0,0
268,4,0,0
269,4,0,0
270,4,0,0
271,4,0,0
272,4,0,0
273,4,0,0
274,4,0,0
275,4,0,0
276,4,0,0
277,4,0,0
278,4,0,0
279,4,0,0
280,4,0,0
281,4,0,0
282,4,0,0
283,4,0,0
284,4,0,0
285,4,0,0
286,4,0,0
287,4,0,0
0,5,0,0
1,5,0,0
2,5,0,0
3,5,0,0
4,5,0,0
5,5,0,0
6,5,0,0
7,5,0,0
8,5,0,0
9,5,0,0
10,5,0,0
11,5,0,0
12,5,0,0
13,5,0,0
14,5,0,0
15,5,0,0
16,5,0,0
17,5,0,0
18,5,0,0
19,5,0,0
20,5,0,0
21,5,0,0
22,5,0,0
23,5,0,0
24,5,0,0
25,5,0,0
26,5,0,0
27,5,0,0
28,5,0,0
29,5,0,0
30,5,0,0
31,5,0,0
32,5,0,0
33,5,0,0
34,5,0,0
35,5,0,0
36,5,0,0
37,5,0,0
38,5,0,0
39,5,0,0
40,5,0,0
41,5,0,0
42,5,0,0
43,5,0,0
44,5,0,0
45,5,0,0
46,5,0,0
47,5,0,0
48,5,0,0
49,5,0,0
50,5,0,0
51,5,0,0
52,5,0,0
53,5,0,0
54,5,0,0
55,5,0,0
56,5,0,0
57,5,0,0
58,5,0,0
59,5,0,0
60,5,0,0
61,5,0,0
62,5,0,0
63,5,0,0
64,5,0,0
65,5,0,0
66,5,0,0
67,5,0,0
68,5,0,0
69,5,0,0
70,5,0,0
71,5,0,0
72,5,0,0
73,5,0,0
74,5,0,0
75,5,0,0
76,5,0,0
77,5,0,0
78,5,0,0
79,5,0,0
80,5,0,0
81,5,0,0
82,5,0,0
83,5,0,0
84,5,0,0
85,5,0,0
86,5,0,0
87,5,0,0
88,5,0,0
89,5,0,0
90,5,0,0
91,5,0,0
92,5,0,0
93,5,0,0
94,5,0,0
95,5,0,0
96,5,0,0
97,5,0,0
98,5,0,0
99,5,0,0
100,5,0,0
101,5,0,0
102,5,0,0
103,5,0,0
104,5,0,1
105,5,0,1
106,5,0,1
107,5,0,1
108,5,0,1
109,5,0,1
110,5,0,1
111,5,0,1
112,5,0,1
113,5,0,1
114,5,0,1
115,5,0,1
116,5,0,1
117,5,0,1
118,5,0,1
119,5,0,1
120,5,0,1
121,5,0,1
122,5,0,1
123,5,0,1
124,5,0,1
125,5,0,1
126,5,0,1
127,5,0,1
128,5,0,1
129,5,0,1
130,5,0,1
131,5,0,1
132,5,0,1
133,5,0,1
134,5,0,1
135,5,0,1
136,5,0,1
137,5,0,1
138,5,0,1
139,5,0,1
140,5,0,1
141,5,0,1
142,5,0,1
143,5,0,1
144,5,0,1
145,5,0,1
146,5,0,1
147,5,0,1
148,5,0,1
149,5,0,1
150,5,0,1
151,5,0,1
152,5,0,1
153,5,0,1
154,5,0,1
155,5,0,1
156,5,0,0
157,5,0,0
158,5,0,0
159,5,0,0
160,5,0,0
161,5,0,0
162,5,0,0
163,5,0,0
164,5,0,0
165,5,0,0
166,5,0,0
167,5,0,0
168,5,0,0
169,5,0,0
170,5,0,0
171,5,0,0
172,5,0,0
173,5,0,0
174,5,0,0
175,5,0,0
176,5,0,0
177,5,0,0
178,5,0,0
179,5,0,0
180,5,0,0
181,5,0,0
182,5,0,0
183,5,0,0
184,5,0,0
185,5,0,0
186,5,0,0
187,5,0,0
188,5,0,0
189,5,0,0
190,5,0,0
191,5,0,0
192,5,0,0
193,5,0,0
194,5,0,0
195,5,0,0
196,5,0,0
197,5,0,0
198,5,0,0
199,5,0,0
200,5,0,0
201,5,0,0
202,5,0,0
203,5,0,0
204,5,0,0
205,5,0,0
206,5,0,0
207,5,0,0
208,5,0,0
209,5,0,0
210,5,0,0
211,5,0,0
212,5,0,0
213,5,0,0
214,5,0,0
215,5,0,0
216,5,0,0
217,5,0,0
218,5,0,0
219,5,0,0
220,5,0,0
221,5,0,0
222,5,0,0
223,5,0,0
224,5,0,0
225,5,0,0
226,5,0,0
227,5,0,0
228,5,0,0
229,5,0,0
230,5,0,0
231,5,0,0
232,5,0,0
233,5,0,0
234,5,0,0
235,5,0,0
236,5,0,0
237,5,0,0
238,5,0,0
239,5,0,0
240,5,0,0
241,5,0,0
242,5,0,0
243,5,0,0
244,5,0,0
245,5,0,0
246,5,0,0
247,5,0,0
248,5,0,0
249,5,0,0
250,5,0,0
251,5,0,0
252,5,0,0
253,5,0,0
254,5,0,0
255,5,0,0
256,5,0,0
257,5,0,0
258,5,0,0
259,5,0,0
260,5,0,0
261,5,0,0
262,5,0,0
263,5,0,0
264,5,0,0
265,5,0,0
266,5,0,0
267,5,0,0
268,5,0,0
269,5,0,0
270,5,0,0
271,5,0,0
272,5,0,0
273,5,0,0
274,5,0,0
275,5,0,0
276,5,0,0
277,5,0,0
278,5,0,0
279,5,0,0
280,5,0,0
281,5,0,0
282,5,0,0
283,5,0,0
284,5,0,0
285,5,0,0
286,5,0,0
287,5,0,0
0,6,0,0
1,6,0,0
2,6,0,0
3,6,0,0
4,6,0,0
5,6,0,0
6,6,0,0
7,6,0,0
8,6,0,0
9,6,0,0
10,6,0,0
11,6,0,0
12,6,0,0
13,6,0,0
14,6,0,0
15,6,0,0
16,6,0,0
17,6,0,0
18,6,0,0
19,6,0,0
20,6,0,0
21,6,0,0
22,6,0,0
23,6,0,0
24,6,0,0
25,6,0,0
26,6,0,0
27,6,0,0
28,6,0,0
29,6,0,0
30,6,0,0
31,6,0,0
32,6,0,0
33,6,0,0
34,6,0,0
35,6,0,0
36,6,0,0
37,6,0,0
38,6,0,0
39,6,0,0
40,6,0,0
41,6,0,0
42,6,0,0
43,6,0,0
44,6,0,0
45,6,0,0
46,6,0,0
47,6,0,0
48,6,0,0
49,6,0,0
50,6,0,0
51,6,0,0
52,6,0,0
53,6,0,0
54,6,0,0
55,6,0,0
56,6,0,0
57,6,0,0
58,6,0,0
59,6,0,0
60,6,0,0
61,6,0,0
62,6,0,0
63,6,0,0
64,6,0,0
65,6,0,0
66,6,0,0
67,6,0,0
68,6,0,0
69,6,0,0
70,6,0,0
71,6,0,0
72,6,0,0
73,6,0,0
74,6,0,0
75,6,0,0
76,6,0,0
77,6,0,0
78,6,0,0
79,6,0,0
80,6,0,0
81,6,0,0
82,6,0,0
83,6,0,0
84,6,0,0
85,6,0,0
86,6,0,0
87,6,0,0
88,6,0,0
89,6,0,0
90,6,0,0
91,6,0,0
92,6,0,0
93,6,0,0
94,6,0,0
95,6,0,0
96,6,0,0
97,6,0,0
98,6,0,0
99,6,0,0
100,6,0,0
101,6,0,0
102,6,0,0
103,6,0,0
104,6,0,0
105,6,0,0
106,6,0,0
107,6,0,0
108,6,0,0
109,6,0,0
110,6,0,0
111,6,0,0
112,6,0,0
113,6,0,0
114,6,0,0
115,6,0,0
116,6,0,0
117,6,0,0
118,6,0,0
119,6,0,0
120,6,0,0
121,6,0,0
122,6,0,0
123,6,0,0
124,6,0,0
125,6,0,0
126,6,0,0
127,6,0,0
128,6,0,0
129,6,0,0
130,6,0,0
131,6,0,0
132,6,0,0
133,6,0,0
134,6,0,0
135,6,0,0
136,6,0,0
137,6,0,0
138,6,0,0
139,6,0,0
140,6,0,0
141,6,0,0
142,6,0,0
143,6,0,0
144,6,0,0
145,6,0,0
146,6,0,0
147,6,0,0
148,6,0,0
149,6,0,0
150,6,0,0
151,6,0,0
152,6,0,0
153,6,0,0
154,6,0,0
155,6,0,0
156,6,0,0
157,6,0,0
158,6,0,0
159,6,0,0
160,6,0,0
161,6,0,0
162,6,0,0
163,6,0,0
164,6,0,0
165,6,0,0
166,6,0,0
167,6,0,0
168,6,0,0
169,6,0,0
170,6,0,0
171,6,0,0
172,6,0,0
173,6,0,0
174,6,0,0
175,6,0,0
176,6,0,0
177,6,0,0
178,6,0,0
179,6,0,0
180,6,0,0
181,6,0,0
182,6,0,0
183,6,0,0
184,6,0,0
185,6,0,0
186,6,0,0
187,6,0,0
188,6,0,0
189,6,0,0
190,6,0,0
191,6,0,0
192,6,0,0
193,6,0,0
194,6,0,0
195,6,0,0
196,6,0,0
197,6,0,0
198,6,0,0
199,6,0,0
200,6,0,0
201,6,0,0
202,6,0,0
203,6,0,0
204,6,0,0
205,6,0,0
206,6,0,0
207,6,0,0
208,6,0,0
209,6,0,0
210,6,0,0
211,6,0,0
212,6,0,0
213,6,0,0
214,6,0,0
215,6,0,0
216,6,0,0
217,6,0,0
218,6,0,0
219,6,0,0
220,6,0,0
221,6,0,0
222,6,0,0
223,6,0,0
224,6,0,0
225,6,0,0
226,6,0,0
227,6,0,0
228,6,0,0
229,6,0,0
230,6,0,0
231,6,0,0
232,6,0,0
233,6,0,0
234,6,0,0
235,6,0,0
236,6,0,0
237,6,0,0
238,6,0,0
239,6,0,0
240,6,0,0
241,6,0,0
242,6,0,0
243,6,0,0
244,6,0,0
245,6,0,0
246,6,0,0
247,6,0,0
248,6,0,0
249,6,0,0
250,6,0,0
251,6,0,0
252,6,0,0
253,6,0,0
254,6,0,0
255,6,0,0
256,6,0,0
257,6,0,0
258,6,0,0
259,6,0,0
260,6,0,0
261,6,0,0
262,6,0,0
263,6,0,0
264,6,0,0
265,6,0,0
266,6,0,0
267,6,0,0
268,6,0,0
269,6,0,0
270,6,0,0
271,6,0,0
272,6,0,0
273,6,0,0
274,6,0,0
275,6,0,0
276,6,0,0
277,6,0,0
278,6,0,0
279,6,0,0
280,6,0,0
281,6,0,0
282,6,0,0
283,6,0,0
284,6,0,0
285,6,0,0
286,6,0,0
287,6,0,0
0,0,1,0
1,0,1,0
2,0,1,0
3,0,1,0
4,0,1,0
5,0,1,0
6,0,1,0
7,0,1,0
8,0,1,0
9,0,1,0
10,0,1,0
11,0,1,0
12,0,1,0
13,0,1,0
14,0,1,0
15,0,1,0
16,0,1,0
17,0,1,0
18,0,1,0
19,0,1,0
20,0,1,0
21,0,1,0
22,0,1,0
23,0,1,0
24,0,1,0
25,0,1,0
26,0,1,0
27,0,1,0
28,0,1,0
29,0,1,0
30,0,1,0
31,0,1,0
32,0,1,0
33,0,1,0
34,0,1,0
35,0,1,0
36,0,1,0
37,0,1,0
38,0,1,0
39,0,1,0
40,0,1,0
41,0,1,0
42,0,1,0
43,0,1,0
44,0,1,0
45,0,1,0
46,0,1,0
47,0,1,0
48,0,1,0
49,0,1,0
50,0,1,0
51,0,1,0
52,0,1,0
53,0,1,0
54,0,1,0
55,0,1,0
56,0,1,0
57,0,1,0
58,0,1,0
59,0,1,0
60,0,1,0
61,0,1,0
62,0,1,0
63,0,1,0
64,0,1,0
65,0,1,0
66,0,1,0
67,0,1,0
68,0,1,0
69,0,1,0
70,0,1,0
71,0,1,0
72,0,1,0
73,0,1,0
74,0,1,0
75,0,1,0
76,0,1,0
77,0,1,0
78,0,1,0
79,0,1,0
80,0,1,0
81,0,1,0
82,0,1,0
83,0,1,0
84,0,1,0
85,0,1,0
86,0,1,0
87,0,1,0
88,0,1,0
89,0,1,0
90,0,1,0
91,0,1,0
92,0,1,0
93,0,1,0
94,0,1,0
95,0,1,0
96,0,1,0
97,0,1,0
98,0,1,0
99,0,1,0
100,0,1,0
101,0,1,0
102,0,1,0
103,0,1,0
104,0,1,0
105,0,1,0
106,0,1,0
107,0,1,0
108,0,1,0
109,0,1,0
110,0,1,0
111,0,1,0
112,0,1,0
113,0,1,0
114,0,1,0
115,0,1,0
116,0,1,0
117,0,1,0
118,0,1,0
119,0,1,0
120,0,1,0
121,0,1,0
122,0,1,0
123,0,1,0
124,0,1,0
125,0,1,0
126,0,1,0
127,0,1,0
128,0,1,0
129,0,1,0
130,0,1,0
131,0,1,0
132,0,1,0
133,0,1,0
134,0,1,0
135,0,1,0
136,0,1,0
137,0,1,0
138,0,1,0
139,0,1,0
140,0,1,0
141,0,1,0
142,0,1,0
143,0,1,0
144,0,1,0
145,0,1,0
146,0,1,0
147,0,1,1
148,0,1,1
149,0,1,1
150,0,1,1
151,0,1,1
152,0,1,1
153,0,1,1
154,0,1,1
155,0,1,1
156,0,1,1
157,0,1,1
158,0,1,1
159,0,1,1
160,0,1,1
161,0,1,1
162,0,1,1
163,0,1,1
164,0,1,1
165,0,1,1
166,0,1,1
167,0,1,1
168,0,1,1
169,0,1,1
170,0,1,1
171,0,1,1
172,0,1,1
173,0,1,1
174,0,1,1
175,0,1,1
176,0,1,1
177,0,1,1
178,0,1,1
179,0,1,1
180,0,1,1
181,0,1,1
182,0,1,1
183,0,1,1
184,0,1,1
185,0,1,1
186,0,1,1
187,0,1,1
188,0,1,1
189,0,1,1
190,0,1,1
191,0,1,1
192,0,1,1
193,0,1,1
194,0,1,1
195,0,1,1
196,0,1,1
197,0,1,1
198,0,1,1
199,0,1,1
200,0,1,1
201,0,1,1
202,0,1,1
203,0,1,1
204,0,1,1
205,0,1,1
206,0,1,1
207,0,1,1
208,0,1,1
209,0,1,1
210,0,1,1
211,0,1,1
212,0,1,1
213,0,1,1
214,0,1,1
215,0,1,1
216,0,1,0
217,0,1,0
218,0,1,0
219,0,1,0
220,0,1,0
221,0,1,0
222,0,1,0
223,0,1,0
224,0,1,0
225,0,1,0
226,0,1,0
227,0,1,0
228,0,1,0
229,0,1,0
230,0,1,0
231,0,1,0
232,0,1,0
233,0,1,0
234,0,1,0
235,0,1,0
236,0,1,0
237,0,1,0
238,0,1,0
239,0,1,0
240,0,1,0
241,0,1,0
242,0,1,0
243,0,1,0
244,0,1,0
245,0,1,0
246,0,1,0
247,0,1,0
248,0,1,0
249,0,1,0
250,0,1,0
251,0,1,0
252,0,1,0
253,0,1,0
254,0,1,0
255,0,1,0
256,0,1,0
257,0,1,0
258,0,1,0
259,0,1,0
260,0,1,0
261,0,1,0
262,0,1,0
263,0,1,0
264,0,1,0
265,0,1,0
266,0,1,0
267,0,1,0
268,0,1,0
269,0,1,0
270,0,1,0
271,0,1,0
272,0,1,0
273,0,1,0
274,0,1,0
275,0,1,0
276,0,1,0
277,0,1,0
278,0,1,0
279,0,1,0
280,0,1,0
281,0,1,0
282,0,1,0
283,0,1,0
284,0,1,0
285,0,1,0
286,0,1,0
287,0,1,0
0,1,1,0
1,1,1,0
2,1,1,0
3,1,1,0
4,1,1,0
5,1,1,0
6,1,1,0
7,1,1,0
8,1,1,0
9,1,1,0
10,1,1,0
11,1,1,0
12,1,1,0
13,1,1,0
14,1,1,0
15,1,1,0
16,1,1,0
17,1,1,0
18,1,1,0
19,1,1,0
20,1,1,0
21,1,1,0
22,1,1,0
23,1,1,0
24,1,1,0
25,1,1,0
26,1,1,0
27,1,1,0
28,1,1,0
29,1,1,0
30,1,1,0
31,1,1,0
32,1,1,0
33,1,1,0
34,1,1,0
35,1,1,0
36,1,1,0
37,1,1,0
38,1,1,0
39,1,1,0
40,1,1,0
41,1,1,0
42,1,1,0
43,1,1,0
44,1,1,0
45,1,1,0
46,1,1,0
47,1,1,0
48,1,1,0
49,1,1,0
50,1,1,0
51,1,1,0
52,1,1,0
53,1,1,0
54,1,1,0
55,1,1,0
56,1,1,0
57,1,1,0
58,1,1,0
59,1,1,0
60,1,1,0
61,1,1,0
62,1,1,0
63,1,1,0
64,1,1,0
65,1,1,0
66,1,1,0
67,1,1,0
68,1,1,0
69,1,1,0
70,1,1,0
71,1,1,0
72,1,1,0
73,1,1,0
74,1,1,0
75,1,1,0
76,1,1,0
77,1,1,0
78,1,1,0
79,1,1,0
80,1,1,0
81,1,1,0
82,1,1,0
83,1,1,0
84,1,1,0
85,1,1,0
86,1,1,0
87,1,1,0
88,1,1,0
89,1,1,0
90,1,1,0
91,1,1,0
92,1,1,0
93,1,1,0
94,1,1,0
95,1,1,0
96,1,1,0
97,1,1,0
98,1,1,0
99,1,1,0
100,1,1,0
101,1,1,0
102,1,1,0
103,1,1,0
104,1,1,0
105,1,1,0
106,1,1,0
107,1,1,0
108,1,1,0
109,1,1,0
110,1,1,0
111,1,1,0
112,1,1,0
113,1,1,1
114,1,1,1
115,1,1,1
116,1,1,1
117,1,1,1
118,1,1,1
119,1,1,1
120,1,1,1
121,1,1,1
122,1,1,1
123,1,1,1
124,1,1,1
125,1,1,1
126,1,1,1
127,1,1,1
128,1,1,1
129,1,1,1
130,1,1,1
131,1,1,1
132,1,1,1
133,1,1,1
134,1,1,1
135,1,1,1
136,1,1,1
137,1,1,1
138,1,1,1
139,1,1,1
140,1,1,1
141,1,1,1
142,1,1,1
143,1,1,1
144,1,1,1
145,1,1,1
146,1,1,1
147,1,1,1
148,1,1,1
149,1,1,1
150,1,1,1
151,1,1,1
152,1,1,1
153,1,1,1
154,1,1,1
155,1,1,1
156,1,1,1
157,1,1,1
158,1,1,1
159,1,1,1
160,1,1,1
161,1,1,1
162,1,1,1
163,1,1,1
164,1,1,1
165,1,1,1
166,1,1,1
167,1,1,1
168,1,1,1
169,1,1,1
170,1,1,1
171,1,1,1
172,1,1,1
173,1,1,1
174,1,1,1
175,1,1,1
176,1,1,1
177,1,1,1
178,1,1,1
179,1,1,1
180,1,1,1
181,1,1,1
182,1,1,1
183,1,1,1
184,1,1,1
185,1,1,1
186,1,1,1
187,1,1,1
188,1,1,1
189,1,1,1
190,1,1,1
191,1,1,1
192,1,1,1
193,1,1,1
194,1,1,1
195,1,1,1
196,1,1,1
197,1,1,1
198,1,1,1
199,1,1,1
200,1,1,1
201,1,1,1
202,1,1,1
203,1,1,1
204,1,1,1
205,1,1,1
206,1,1,1
207,1,1,1
208,1,1,1
209,1,1,1
210,1,1,1
211,1,1,1
212,1,1,1
213,1,1,1
214,1,1,1
215,1,1,1
216,1,1,0
217,1,1,0
218,1,1,0
219,1,1,0
220,1,1,0
221,1,1,0
222,1,1,0
223,1,1,0
224,1,1,0
225,1,1,0
226,1,1,0
227,1,1,0
228,1,1,0
229,1,1,0
230,1,1,0
231,1,1,0
232,1,1,0
233,1,1,0
234,1,1,0
235,1,1,0
236,1,1,0
237,1,1,0
238,1,1,0
239,1,1,0
240,1,1,0
241,1,1,0
242,1,1,0
243,1,1,0
244,1,1,0
245,1,1,0
246,1,1,0
247,1,1,0
248,1,1,0
249,1,1,0
250,1,1,0
251,1,1,0
252,1,1,0
253,1,1,0
254,1,1,0
255,1,1,0
256,1,1,0
257,1,1,0
258,1,1,0
259,1,1,0
260,1,1,0
261,1,1,0
262,1,1,0
263,1,1,0
264,1,1,0
265,1,1,0
266,1,1,0
267,1,1,0
268,1,1,0
269,1,1,0
270,1,1,0
271,1,1,0
272,1,1,0
273,1,1,0
274,1,1,0
275,1,1,0
276,1,1,0
277,1,1,0
278,1,1,0
279,1,1,0
280,1,1,0
281,1,1,0
282,1,1,0
283,1,1,0
284,1,1,0
285,1,1,0
286,1,1,0
287,1,1,0
0,2,1,0
1,2,1,0
2,2,1,0
3,2,1,0
4,2,1,0
5,2,1,0
6,2,1,0
7,2,1,0
8,2,1,0
9,2,1,0
10,2,1,0
11,2,1,0
12,2,1,0
13,2,1,0
14,2,1,0
15,2,1,0
16,2,1,0
17,2,1,0
18,2,1,0
19,2,1,0
20,2,1,0
21,2,1,0
22,2,1,0
23,2,1,0
24,2,1,0
25,2,1,0
26,2,1,0
27,2,1,0
28,2,1,0
29,2,1,0
30,2,1,0
31,2,1,0
32,2,1,0
33,2,1,0
34,2,1,0
35,2,1,0
36,2,1,0
37,2,1,0
38,2,1,0
39,2,1,0
40,2,1,0
41,2,1,0
42,2,1,0
43,2,1,0
44,2,1,0
45,2,1,0
46,2,1,0
47,2,1,0
48,2,1,0
49,2,1,0
50,2,1,0
51,2,1,0
52,2,1,0
53,2,1,0
54,2,1,0
55,2,1,0
56,2,1,0
57,2,1,0
58,2,1,0
59,2,1,0
60,2,1,0
61,2,1,0
62,2,1,0
63,2,1,0
64,2,1,0
65,2,1,0
66,2,1,0
67,2,1,0
68,2,1,0
69,2,1,0
70,2,1,0
71,2,1,0
72,2,1,0
73,2,1,0
74,2,1,0
75,2,1,0
76,2,1,0
77,2,1,0
78,2,1,0
79,2,1,0
80,2,1,0
81,2,1,0
82,2,1,0
83,2,1,0
84,2,1,0
85,2,1,0
86,2,1,0
87,2,1,0
88,2,1,0
89,2,1,0
90,2,1,0
91,2,1,0
92,2,1,0
93,2,1,0
94,2,1,0
95,2,1,1
96,2,1,1
97,2,1,1
98,2,1,1
99,2,1,1
100,2,1,1
101,2,1,1
102,2,1,1
103,2,1,1
104,2,1,1
105,2,1,1
106,2,1,1
107,2,1,1
108,2,1,1
109,2,1,1
110,2,1,1
111,2,1,1
112,2,1,1
113,2,1,1
114,2,1,1
115,2,1,1
116,2,1,1
117,2,1,1
118,2,1,1
119,2,1,1
120,2,1,1
121,2,1,1
122,2,1,1
123,2,1,1
124,2,1,1
125,2,1,1
126,2,1,1
127,2,1,1
128,2,1,1
129,2,1,1
130,2,1,1
131,2,1,1
132,2,1,1
133,2,1,1
134,2,1,1
135,2,1,1
136,2,1,1
137,2,1,1
138,2,1,1
139,2,1,1
140,2,1,1
141,2,1,1
142,2,1,1
143,2,1,1
144,2,1,1
145,2,1,1
146,2,1,1
147,2,1,1
148,2,1,1
149,2,1,1
150,2,1,1
151,2,1,1
152,2,1,1
153,2,1,1
154,2,1,1
155,2,1,1
156,2,1,1
157,2,1,1
158,2,1,1
159,2,1,1
160,2,1,1
161,2,1,1
162,2,1,1
163,2,1,1
164,2,1,1
165,2,1,1
166,2,1,1
167,2,1,1
168,2,1,1
169,2,1,1
170,2,1,1
171,2,1,1
172,2,1,1
173,2,1,1
174,2,1,1
175,2,1,1
176,2,1,1
177,2,1,1
178,2,1,1
179,2,1,1
180,2,1,1
181,2,1,1
182,2,1,1
183,2,1,1
184,2,1,1
185,2,1,1
186,2,1,1
187,2,1,1
188,2,1,1
189,2,1,1
190,2,1,1
191,2,1,1
192,2,1,1
193,2,1,1
194,2,1,1
195,2,1,1
196,2,1,1
197,2,1,1
198,2,1,1
199,2,1,1
200,2,1,1
201,2,1,1
202,2,1,1
203,2,1,1
204,2,1,1
205,2,1,1
206,2,1,1
207,2,1,1
208,2,1,1
209,2,1,1
210,2,1,1
211,2,1,1
212,2,1,1
213,2,1,1
214,2,1,1
215,2,1,1
216,2,1,1
217,2,1,1
218,2,1,1
219,2,1,1
220,2,1,1
221,2,1,1
222,2,1,1
223,2,1,1
224,2,1,1
225,2,1,1
226,2,1,1
227,2,1,1
228,2,1,0
229,2,1,0
230,2,1,0
231,2,1,0
232,2,1,0
233,2,1,0
234,2,1,0
235,2,1,0
236,2,1,0
237,2,1,0
238,2,1,0
239,2,1,0
240,2,1,0
241,2,1,0
242,2,1,0
243,2,1,0
244,2,1,0
245,2,1,0
246,2,1,0
247,2,1,0
248,2,1,0
249,2,1,0
250,2,1,0
251,2,1,0
252,2,1,0
253,2,1,0
254,2,1,0
255,2,1,0
256,2,1,0
257,2,1,0
258,2,1,0
259,2,1,0
260,2,1,0
261,2,1,0
262,2,1,0
263,2,1,0
264,2,1,0
265,2,1,0
266,2,1,0
267,2,1,0
268,2,1,0
269,2,1,0
270,2,1,0
271,2,1,0
272,2,1,0
273,2,1,0
274,2,1,0
275,2,1,0
276,2,1,0
277,2,1,0
278,2,1,0
279,2,1,0
280,2,1,0
281,2,1,0
282,2,1,0
283,2,1,0
284,2,1,0
285,2,1,0
286,2,1,0
287,2,1,0
0,3,1,0
1,3,1,0
2,3,1,0
3,3,1,0
4,3,1,0
5,3,1,0
6,3,1,0
7,3,1,0
8,3,1,0
9,3,1,0
10,3,1,0
11,3,1,0
12,3,1,0
13,3,1,0
14,3,1,0
15,3,1,0
16,3,1,0
17,3,1,0
18,3,1,0
19,3,1,0
20,3,1,0
21,3,1,0
22,3,1,0
23,3,1,0
24,3,1,0
25,3,1,0
26,3,1,0
27,3,1,0
28,3,1,0
29,3,1,0
30,3,1,0
31,3,1,0
32,3,1,0
33,3,1,0
34,3,1,0
35,3,1,0
36,3,1,0
37,3,1,0
38,3,1,0
39,3,1,0
40,3,1,0
41,3,1,0
42,3,1,0
43,3,1,0
44,3,1,0
45,3,1,0
46,3,1,0
47,3,1,0
48,3,1,0
49,3,1,0
50,3,1,0
51,3,1,0
52,3,1,0
53,3,1,0
54,3,1,0
55,3,1,0
56,3,1,0
57,3,1,0
58,3,1,0
59,3,1,0
60,3,1,0
61,3,1,0
62,3,1,0
63,3,1,0
64,3,1,0
65,3,1,0
66,3,1,0
67,3,1,0
68,3,1,0
69,3,1,0
70,3,1,0
71,3,1,0
72,3,1,0
73,3,1,0
74,3,1,0
75,3,1,0
76,3,1,0
77,3,1,0
78,3,1,0
79,3,1,0
80,3,1,0
81,3,1,0
82,3,1,0
83,3,1,0
84,3,1,0
85,3,1,0
86,3,1,0
87,3,1,0
88,3,1,0
89,3,1,0
90,3,1,0
91,3,1,0
92,3,1,0
93,3,1,0
94,3,1,0
95,3,1,0
96,3,1,0
97,3,1,0
98,3,1,0
99,3,1,0
100,3,1,0
101,3,1,0
102,3,1,0
103,3,1,0
104,3,1,0
105,3,1,0
106,3,1,0
107,3,1,0
108,3,1,0
109,3,1,0
110,3,1,0
111,3,1,0
112,3,1,0
113,3,1,0
114,3,1,0
115,3,1,0
116,3,1,0
117,3,1,0
118,3,1,0
119,3,1,0
120,3,1,0
121,3,1,0
122,3,1,0
123,3,1,0
124,3,1,0
125,3,1,0
126,3,1,0
127,3,1,0
128,3,1,0
129,3,1,0
130,3,1,0
131,3,1,0
132,3,1,0
133,3,1,0
134,3,1,0
135,3,1,0
136,3,1,0
137,3,1,0
138,3,1,0
139,3,1,0
140,3,1,0
141,3,1,0
142,3,1,0
143,3,1,0
144,3,1,0
145,3,1,0
146,3,1,0
147,3,1,0
148,3,1,0
149,3,1,1
150,3,1,1
151,3,1,1
152,3,1,1
153,3,1,1
154,3,1,1
155,3,1,1
156,3,1,1
157,3,1,1
158,3,1,1
159,3,1,1
160,3,1,1
161,3,1,1
162,3,1,1
163,3,1,1
164,3,1,1
165,3,1,1
166,3,1,1
167,3,1,1
168,3,1,1
169,3,1,1
170,3,1,1
171,3,1,1
172,3,1,1
173,3,1,1
174,3,1,1
175,3,1,1
176,3,1,1
177,3,1,1
178,3,1,1
179,3,1,1
180,3,1,1
181,3,1,1
182,3,1,1
183,3,1,1
184,3,1,1
185,3,1,1
186,3,1,1
187,3,1,1
188,3,1,1
189,3,1,1
190,3,1,1
191,3,1,1
192,3,1,1
193,3,1,1
194,3,1,1
195,3,1,1
196,3,1,1
197,3,1,1
198,3,1,1
199,3,1,1
200,3,1,1
201,3,1,1
202,3,1,1
203,3,1,1
204,3,1,1
205,3,1,1
206,3,1,1
207,3,1,1
208,3,1,1
209,3,1,1
210,3,1,0
211,3,1,0
212,3,1,0
213,3,1,0
214,3,1,0
215,3,1,0
216,3,1,0
217,3,1,0
218,3,1,0
219,3,1,0
220,3,1,0
221,3,1,0
222,3,1,0
223,3,1,0
224,3,1,0
225,3,1,0
226,3,1,0
227,3,1,0
228,3,1,0
229,3,1,0
230,3,1,0
231,3,1,0
232,3,1,0
233,3,1,0
234,3,1,0
235,3,1,0
236,3,1,0
237,3,1,0
238,3,1,0
239,3,1,0
240,3,1,0
241,3,1,0
242,3,1,0
243,3,1,0
244,3,1,0
245,3,1,0
246,3,1,0
247,3,1,0
248,3,1,0
249,3,1,0
250,3,1,0
251,3,1,0
252,3,1,0
253,3,1,0
254,3,1,0
255,3,1,0
256,3,1,0
257,3,1,0
258,3,1,0
259,3,1,0
260,3,1,0
261,3,1,0
262,3,1,0
263,3,1,0
264,3,1,0
265,3,1,0
266,3,1,0
267,3,1,0
268,3,1,0
269,3,1,0
270,3,1,0
271,3,1,0
272,3,1,0
273,3,1,0
274,3,1,0
275,3,1,0
276,3,1,0
277,3,1,0
278,3,1,0
279,3,1,0
280,3,1,0
281,3,1,0
282,3,1,0
283,3,1,0
284,3,1,0
285,3,1,0
286,3,1,0
287,3,1,0
0,4,1,0
1,4,1,0
2,4,1,0
3,4,1,0
4,4,1,0
5,4,1,0
6,4,1,0
7,4,1,0
8,4,1,0
9,4,1,0
10,4,1,0
11,4,1,0
12,4,1,0
13,4,1,0
14,4,1,0
15,4,1,0
16,4,1,0
17,4,1,0
18,4,1,0
19,4,1,0
20,4,1,0
21,4,1,0
22,4,1,0
23,4,1,0
24,4,1,0
25,4,1,0
26,4,1,0
27,4,1,0
28,4,1,0
29,4,1,0
30,4,1,0
31,4,1,0
32,4,1,0
33,4,1,0
34,4,1,0
35,4,1,0
36,4,1,0
37,4,1,0
38,4,1,0
39,4,1,0
40,4,1,0
41,4,1,0
42,4,1,0
43,4,1,0
44,4,1,0
45,4,1,0
46,4,1,0
47,4,1,0
48,4,1,0
49,4,1,0
50,4,1,0
51,4,1,0
52,4,1,0
53,4,1,0
54,4,1,0
55,4,1,0
56,4,1,0
57,4,1,0
58,4,1,0
59,4,1,0
60,4,1,0
61,4,1,0
62,4,1,0
63,4,1,0
64,4,1,0
65,4,1,0
66,4,1,0
67,4,1,0
68,4,1,0
69,4,1,0
70,4,1,0
71,4,1,0
72,4,1,0
73,4,1,0
74,4,1,0
75,4,1,0
76,4,1,0
77,4,1,0
78,4,1,0
79,4,1,0
80,4,1,0
81,4,1,0
82,4,1,0
83,4,1,0
84,4,1,0
85,4,1,0
86,4,1,0
87,4,1,0
88,4,1,0
89,4,1,0
90,4,1,0
91,4,1,0
92,4,1,0
93,4,1,0
94,4,1,0
95,4,1,1
96,4,1,1
97,4,1,1
98,4,1,1
99,4,1,1
100,4,1,1
101,4,1,1
102,4,1,1
103,4,1,1
104,4,1,1
105,4,1,1
106,4,1,1
107,4,1,1
108,4,1,1
109,4,1,1
110,4,1,1
111,4,1,1
112,4,1,1
113,4,1,1
114,4,1,1
115,4,1,1
116,4,1,1
117,4,1,1
118,4,1,1
119,4,1,1
120,4,1,1
121,4,1,1
122,4,1,1
123,4,1,1
124,4,1,1
125,4,1,1
126,4,1,1
127,4,1,1
128,4,1,1
129,4,1,1
130,4,1,1
131,4,1,1
132,4,1,1
133,4,1,1
134,4,1,1
135,4,1,1
136,4,1,1
137,4,1,1
138,4,1,1
139,4,1,1
140,4,1,1
141,4,1,1
142,4,1,1
143,4,1,1
144,4,1,1
145,4,1,1
146,4,1,1
147,4,1,1
148,4,1,1
149,4,1,1
150,4,1,1
151,4,1,1
152,4,1,1
153,4,1,1
154,4,1,1
155,4,1,1
156,4,1,0
157,4,1,0
158,4,1,0
159,4,1,0
160,4,1,0
161,4,1,0
162,4,1,0
163,4,1,0
164,4,1,0
165,4,1,0
166,4,1,0
167,4,1,0
168,4,1,0
169,4,1,0
170,4,1,0
171,4,1,0
172,4,1,0
173,4,1,0
174,4,1,0
175,4,1,0
176,4,1,0
177,4,1,0
178,4,1,0
179,4,1,0
180,4,1,0
181,4,1,0
182,4,1,0
183,4,1,0
184,4,1,0
185,4,1,0
186,4,1,0
187,4,1,0
188,4,1,0
189,4,1,0
190,4,1,0
191,4,1,0
192,4,1,0
193,4,1,0
194,4,1,0
195,4,1,0
196,4,1,0
197,4,1,0
198,4,1,0
199,4,1,0
200,4,1,0
201,4,1,0
202,4,1,0
203,4,1,0
204,4,1,0
205,4,1,0
206,4,1,0
207,4,1,0
208,4,1,0
209,4,1,0
210,4,1,0
211,4,1,0
212,4,1,0
213,4,1,0
214,4,1,0
215,4,1,0
216,4,1,0
217,4,1,0
218,4,1,0
219,4,1,0
220,4,1,0
221,4,1,0
222,4,1,0
223,4,1,0
224,4,1,0
225,4,1,0
226,4,1,0
227,4,1,0
228,4,1,0
229,4,1,0
230,4,1,0
231,4,1,0
232,4,1,0
233,4,1,0
234,4,1,0
235,4,1,0
236,4,1,0
237,4,1,0
238,4,1,0
239,4,1,0
240,4,1,0
241,4,1,0
242,4,1,0
243,4,1,0
244,4,1,0
245,4,1,0
246,4,1,0
247,4,1,0
248,4,1,0
249,4,1,0
250,4,1,0
251,4,1,0
252,4,1,0
253,4,1,0
254,4,1,0
255,4,1,0
256,4,1,0
257,4,1,0
258,4,1,0
259,4,1,0
260,4,1,0
261,4,1,0
262,4,1,0
263,4,1,0
264,4,1,0
265,4,1,0
266,4,1,0
267,4,1,0
268,4,1,0
269,4,1,0
270,4,1,0
271,4,1,0
272,4,1,0
273,4,1,0
274,4,1,0
275,4,1,0
276,4,1,0
277,4,1,0
278,4,1,0
279,4,1,0
280,4,1,0
281,4,1,0
282,4,1,0
283,4,1,0
284,4,1,0
285,4,1,0
286,4,1,0
287,4,1,0
0,5,1,0
1,5,1,0
2,5,1,0
3,5,1,0
4,5,1,0
5,5,1,0
6,5,1,0
7,5,1,0
8,5,1,0
9,5,1,0
10,5,1,0
11,5,1,0
12,5,1,0
13,5,1,0
14,5,1,0
15,5,1,0
16,5,1,0
17,5,1,0
18,5,1,0
19,5,1,0
20,5,1,0
21,5,1,0
22,5,1,0
23,5,1,0
24,5,1,0
25,5,1,0
26,5,1,0
27,5,1,0
28,5,1,0
29,5,1,0
30,5,1,0
31,5,1,0
32,5,1,0
33,5,1,0
34,5,1,0
35,5,1,0
36,5,1,0
37,5,1,0
38,5,1,0
39,5,1,0
40,5,1,0
41,5,1,0
42,5,1,0
43,5,1,0
44,5,1,0
45,5,1,0
46,5,1,0
47,5,1,0
48,5,1,0
49,5,1,0
50,5,1,0
51,5,1,0
52,5,1,0
53,5,1,0
54,5,1,0
55,5,1,0
56,5,1,0
57,5,1,0
58,5,1,0
59,5,1,0
60,5,1,0
61,5,1,0
62,5,1,0
63,5,1,0
64,5,1,0
65,5,1,0
66,5,1,0
67,5,1,0
68,5,1,0
69,5,1,0
70,5,1,0
71,5,1,0
72,5,1,0
73,5,1,0
74,5,1,0
75,5,1,0
76,5,1,0
77,5,1,0
78,5,1,0
79,5,1,0
80,5,1,0
81,5,1,0
82,5,1,0
83,5,1,0
84,5,1,0
85,5,1,0
86,5,1,0
87,5,1,0
88,5,1,0
89,5,1,0
90,5,1,0
91,5,1,0
92,5,1,0
93,5,1,0
94,5,1,0
95,5,1,0
96,5,1,0
97,5,1,0
98,5,1,0
99,5,1,0
100,5,1,0
101,5,1,1
102,5,1,1
103,5,1,1
104,5,1,1
105,5,1,1
106,5,1,1
107,5,1,1
108,5,1,1
109,5,1,1
110,5,1,1
111,5,1,1
112,5,1,1
113,5,1,1
114,5,1,1
115,5,1,1
116,5,1,1
117,5,1,1
118,5,1,1
119,5,1,1
120,5,1,1
121,5,1,1
122,5,1,1
123,5,1,1
124,5,1,1
125,5,1,1
126,5,1,1
127,5,1,1
128,5,1,1
129,5,1,1
130,5,1,1
131,5,1,1
132,5,1,1
133,5,1,1
134,5,1,1
135,5,1,1
136,5,1,1
137,5,1,1
138,5,1,1
139,5,1,1
140,5,1,1
141,5,1,1
142,5,1,1
143,5,1,1
144,5,1,1
145,5,1,1
146,5,1,1
147,5,1,1
148,5,1,1
149,5,1,1
150,5,1,1
151,5,1,1
152,5,1,1
153,5,1,1
154,5,1,1
155,5,1,1
156,5,1,0
157,5,1,0
158,5,1,0
159,5,1,0
160,5,1,0
161,5,1,0
162,5,1,0
163,5,1,0
164,5,1,0
165,5,1,0
166,5,1,0
167,5,1,0
168,5,1,0
169,5,1,0
170,5,1,0
171,5,1,0
172,5,1,0
173,5,1,0
174,5,1,0
175,5,1,0
176,5,1,0
177,5,1,0
178,5,1,0
179,5,1,0
180,5,1,0
181,5,1,0
182,5,1,0
183,5,1,0
184,5,1,0
185,5,1,0
186,5,1,0
187,5,1,0
188,5,1,0
189,5,1,0
190,5,1,0
191,5,1,0
192,5,1,0
193,5,1,0
194,5,1,0
195,5,1,0
196,5,1,0
197,5,1,0
198,5,1,0
199,5,1,0
200,5,1,0
201,5,1,0
202,5,1,0
203,5,1,0
204,5,1,0
205,5,1,0
206,5,1,0
207,5,1,0
208,5,1,0
209,5,1,0
210,5,1,0
211,5,1,0
212,5,1,0
213,5,1,0
214,5,1,0
215,5,1,0
216,5,1,0
217,5,1,0
218,5,1,0
219,5,1,0
220,5,1,0
221,5,1,0
222,5,1,0
223,5,1,0
224,5,1,0
225,5,1,0
226,5,1,0
227,5,1,0
228,5,1,0
229,5,1,0
230,5,1,0
231,5,1,0
232,5,1,0
233,5,1,0
234,5,1,0
235,5,1,0
236,5,1,0
237,5,1,0
238,5,1,0
239,5,1,0
240,5,1,0
241,5,1,0
242,5,1,0
243,5,1,0
244,5,1,0
245,5,1,0
246,5,1,0
247,5,1,0
248,5,1,0
249,5,1,0
250,5,1,0
251,5,1,0
252,5,1,0
253,5,1,0
254,5,1,0
255,5,1,0
256,5,1,0
257,5,1,0
258,5,1,0
259,5,1,0
260,5,1,0
261,5,1,0
262,5,1,0
263,5,1,0
264,5,1,0
265,5,1,0
266,5,1,0
267,5,1,0
268,5,1,0
269,5,1,0
270,5,1,0
271,5,1,0
272,5,1,0
273,5,1,0
274,5,1,0
275,5,1,0
276,5,1,0
277,5,1,0
278,5,1,0
279,5,1,0
280,5,1,0
281,5,1,0
282,5,1,0
283,5,1,0
284,5,1,0
285,5,1,0
286,5,1,0
287,5,1,0
0,6,1,0
1,6,1,0
2,6,1,0
3,6,1,0
4,6,1,0
5,6,1,0
6,6,1,0
7,6,1,0
8,6,1,0
9,6,1,0
10,6,1,0
11,6,1,0
12,6,1,0
13,6,1,0
14,6,1,0
15,6,1,0
16,6,1,0
17,6,1,0
18,6,1,0
19,6,1,0
20,6,1,0
21,6,1,0
22,6,1,0
23,6,1,0
24,6,1,0
25,6,1,0
26,6,1,0
27,6,1,0
28,6,1,0
29,6,1,0
30,6,1,0
31,6,1,0
32,6,1,0
33,6,1,0
34,6,1,0
35,6,1,0
36,6,1,0
37,6,1,0
38,6,1,0
39,6,1,0
40,6,1,0
41,6,1,0
42,6,1,0
43,6,1,0
44,6,1,0
45,6,1,0
46,6,1,0
47,6,1,0
48,6,1,0
49,6,1,0
50,6,1,0
51,6,1,0
52,6,1,0
53,6,1,0
54,6,1,0
55,6,1,0
56,6,1,0
57,6,1,0
58,6,1,0
59,6,1,0
60,6,1,0
61,6,1,0
62,6,1,0
63,6,1,0
64,6,1,0
65,6,1,0
66,6,1,0
67,6,1,0
68,6,1,0
69,6,1,0
70,6,1,0
71,6,1,0
72,6,1,0
73,6,1,0
74,6,1,0
75,6,1,0
76,6,1,0
77,6,1,0
78,6,1,0
79,6,1,0
80,6,1,0
81,6,1,0
82,6,1,0
83,6,1,0
84,6,1,0
85,6,1,0
86,6,1,0
87,6,1,0
88,6,1,0
89,6,1,0
90,6,1,0
91,6,1,0
92,6,1,0
93,6,1,0
94,6,1,0
95,6,1,0
96,6,1,0
97,6,1,0
98,6,1,0
99,6,1,0
100,6,1,0
101,6,1,0
102,6,1,0
103,6,1,0
104,6,1,0
105,6,1,0
106,6,1,0
107,6,1,0
108,6,1,0
109,6,1,0
110,6,1,0
111,6,1,0
112,6,1,0
113,6,1,0
114,6,1,0
115,6,1,0
116,6,1,0
117,6,1,0
118,6,1,0
119,6,1,0
120,6,1,0
121,6,1,0
122,6,1,0
123,6,1,0
124,6,1,0
125,6,1,0
126,6,1,0
127,6,1,0
128,6,1,0
129,6,1,0
130,6,1,0
131,6,1,0
132,6,1,0
133,6,1,0
134,6,1,0
135,6,1,0
136,6,1,0
137,6,1,0
138,6,1,0
139,6,1,0
140,6,1,0
141,6,1,0
142,6,1,0
143,6,1,0
144,6,1,0
145,6,1,0
146,6,1,0
147,6,1,0
148,6,1,0
149,6,1,0
150,6,1,0
151,6,1,0
152,6,1,0
153,6,1,0
154,6,1,0
155,6,1,0
156,6,1,0
157,6,1,0
158,6,1,0
159,6,1,0
160,6,1,0
161,6,1,0
162,6,1,0
163,6,1,0
164,6,1,0
165,6,1,0
166,6,1,0
167,6,1,0
168,6,1,0
169,6,1,0
170,6,1,0
171,6,1,0
172,6,1,0
173,6,1,0
174,6,1,0
175,6,1,0
176,6,1,0
177,6,1,0
178,6,1,0
179,6,1,1
180,6,1,1
181,6,1,1
182,6,1,1
183,6,1,1
184,6,1,1
185,6,1,1
186,6,1,1
187,6,1,1
188,6,1,1
189,6,1,1
190,6,1,1
191,6,1,1
192,6,1,1
193,6,1,1
194,6,1,1
195,6,1,1
196,6,1,1
197,6,1,1
198,6,1,1
199,6,1,1
200,6,1,1
201,6,1,1
202,6,1,1
203,6,1,1
204,6,1,1
205,6,1,1
206,6,1,1
207,6,1,1
208,6,1,1
209,6,1,1
210,6,1,1
211,6,1,1
212,6,1,1
213,6,1,1
214,6,1,1
215,6,1,1
216,6,1,1
217,6,1,1
218,6,1,1
219,6,1,1
220,6,1,1
221,6,1,1
222,6,1,0
223,6,1,0
224,6,1,0
225,6,1,0
226,6,1,0
227,6,1,0
228,6,1,0
229,6,1,0
230,6,1,0
231,6,1,0
232,6,1,0
233,6,1,0
234,6,1,0
235,6,1,0
236,6,1,0
237,6,1,0
238,6,1,0
239,6,1,0
240,6,1,0
241,6,1,0
242,6,1,0
243,6,1,0
244,6,1,0
245,6,1,0
246,6,1,0
247,6,1,0
248,6,1,0
249,6,1,0
250,6,1,0
251,6,1,0
252,6,1,0
253,6,1,0
254,6,1,0
255,6,1,0
256,6,1,0
257,6,1,0
258,6,1,0
259,6,1,0
260,6,1,0
261,6,1,0
262,6,1,0
263,6,1,0
264,6,1,0
265,6,1,0
266,6,1,0
267,6,1,0
268,6,1,0
269,6,1,0
270,6,1,0
271,6,1,0
272,6,1,0
273,6,1,0
274,6,1,0
275,6,1,0
276,6,1,0
277,6,1,0
278,6,1,0
279,6,1,0
280,6,1,0
281,6,1,0
282,6,1,0
283,6,1,0
284,6,1,0
285,6,1,0
286,6,1,0
287,6,1,0
0,0,2,0
1,0,2,0
2,0,2,0
3,0,2,0
4,0,2,0
5,0,2,0
6,0,2,0
7,0,2,0
8,0,2,0
9,0,2,0
10,0,2,0
11,0,2,0
12,0,2,0
13,0,2,0
14,0,2,0
15,0,2,0
16,0,2,0
17,0,2,0
18,0,2,0
19,0,2,0
20,0,2,0
21,0,2,0
22,0,2,0
23,0,2,0
24,0,2,0
25,0,2,0
26,0,2,0
27,0,2,0
28,0,2,0
29,0,2,0
30,0,2,0
31,0,2,0
32,0,2,0
33,0,2,0
34,0,2,0
35,0,2,0
36,0,2,0
37,0,2,0
38,0,2,0
39,0,2,0
40,0,2,0
41,0,2,0
42,0,2,0
43,0,2,0
44,0,2,0
45,0,2,0
46,0,2,0
47,0,2,0
48,0,2,0
49,0,2,0
50,0,2,0
51,0,2,0
52,0,2,0
53,0,2,0
54,0,2,0
55,0,2,0
56,0,2,0
57,0,2,0
58,0,2,0
59,0,2,0
60,0,2,0
61,0,2,0
62,0,2,0
63,0,2,0
64,0,2,0
65,0,2,0
66,0,2,0
67,0,2,0
68,0,2,0
69,0,2,0
70,0,2,0
71,0,2,0
72,0,2,0
73,0,2,0
74,0,2,0
75,0,2,0
76,0,2,0
77,0,2,0
78,0,2,0
79,0,2,0
80,0,2,0
81,0,2,0
82,0,2,0
83,0,2,0
84,0,2,0
85,0,2,0
86,0,2,0
87,0,2,0
88,0,2,0
89,0,2,0
90,0,2,0
91,0,2,0
92,0,2,0
93,0,2,0
94,0,2,0
95,0,2,0
96,0,2,0
97,0,2,0
98,0,2,0
99,0,2,0
100,0,2,0
101,0,2,0
102,0,2,0
103,0,2,0
104,0,2,0
105,0,2,0
106,0,2,0
107,0,2,0
108,0,2,0
109,0,2,0
110,0,2,0
111,0,2,0
112,0,2,0
113,0,2,0
114,0,2,0
115,0,2,0
116,0,2,0
117,0,2,0
118,0,2,0
119,0,2,0
120,0,2,0
121,0,2,0
122,0,2,0
123,0,2,0
124,0,2,0
125,0,2,0
126,0,2,0
127,0,2,0
128,0,2,0
129,0,2,0
130,0,2,0
131,0,2,0
132,0,2,1
133,0,2,1
134,0,2,1
135,0,2,1
136,0,2,1
137,0,2,1
138,0,2,1
139,0,2,1
140,0,2,1
141,0,2,1
142,0,2,1
143,0,2,1
144,0,2,1
145,0,2,1
146,0,2,1
147,0,2,1
148,0,2,1
149,0,2,1
150,0,2,1
151,0,2,1
152,0,2,1
153,0,2,1
154,0,2,1
155,0,2,1
156,0,2,1
157,0,2,1
158,0,2,1
159,0,2,1
160,0,2,1
161,0,2,1
162,0,2,1
163,0,2,1
164,0,2,1
165,0,2,1
166,0,2,1
167,0,2,1
168,0,2,1
169,0,2,1
170,0,2,1
171,0,2,1
172,0,2,1
173,0,2,1
174,0,2,1
175,0,2,1
176,0,2,1
177,0,2,1
178,0,2,1
179,0,2,1
180,0,2,1
181,0,2,1
182,0,2,1
183,0,2,1
184,0,2,1
185,0,2,1
186,0,2,1
187,0,2,1
188,0,2,1
189,0,2,1
190,0,2,1
191,0,2,1
192,0,2,1
193,0,2,1
194,0,2,1
195,0,2,1
196,0,2,1
197,0,2,1
198,0,2,1
199,0,2,1
200,0,2,1
201,0,2,1
202,0,2,1
203,0,2,1
204,0,2,1
205,0,2,1
206,0,2,1
207,0,2,1
208,0,2,1
209,0,2,1
210,0,2,1
211,0,2,1
212,0,2,1
213,0,2,1
214,0,2,1
215,0,2,1
216,0,2,1
217,0,2,1
218,0,2,1
219,0,2,1
220,0,2,1
221,0,2,1
222,0,2,1
223,0,2,1
224,0,2,1
225,0,2,1
226,0,2,1
227,0,2,1
228,0,2,1
229,0,2,1
230,0,2,1
231,0,2,1
232,0,2,1
233,0,2,1
234,0,2,1
235,0,2,1
236,0,2,1
237,0,2,1
238,0,2,1
239,0,2,1
240,0,2,1
241,0,2,1
242,0,2,0
243,0,2,0
244,0,2,0
245,0,2,0
246,0,2,0
247,0,2,0
248,0,2,0
249,0,2,0
250,0,2,0
251,0,2,0
252,0,2,0
253,0,2,0
254,0,2,0
255,0,2,0
256,0,2,0
257,0,2,0
258,0,2,0
259,0,2,0
260,0,2,0
261,0,2,0
262,0,2,0
263,0,2,0
264,0,2,0
265,0,2,0
266,0,2,0
267,0,2,0
268,0,2,0
269,0,2,0
270,0,2,0
271,0,2,0
272,0,2,0
273,0,2,0
274,0,2,0
275,0,2,0
276,0,2,0
277,0,2,0
278,0,2,0
279,0,2,0
280,0,2,0
281,0,2,0
282,0,2,0
283,0,2,0
284,0,2,0
285,0,2,0
286,0,2,0
287,0,2,0
0,1,2,0
1,1,2,0
2,1,2,0
3,1,2,0
4,1,2,0
5,1,2,0
6,1,2,0
7,1,2,0
8,1,2,0
9,1,2,0
10,1,2,0
11,1,2,0
12,1,2,0
13,1,2,0
14,1,2,0
15,1,2,0
16,1,2,0
17,1,2,0
18,1,2,0
19,1,2,0
20,1,2,0
21,1,2,0
22,1,2,0
23,1,2,0
24,1,2,0
25,1,2,0
26,1,2,0
27,1,2,0
28,1,2,0
29,1,2,0
30,1,2,0
31,1,2,0
32,1,2,0
33,1,2,0
34,1,2,0
35,1,2,0
36,1,2,0
37,1,2,0
38,1,2,0
39,1,2,0
40,1,2,0
41,1,2,0
42,1,2,0
43,1,2,0
44,1,2,0
45,1,2,0
46,1,2,0
47,1,2,0
48,1,2,0
49,1,2,0
50,1,2,0
51,1,2,0
52,1,2,0
53,1,2,0
54,1,2,0
55,1,2,0
56,1,2,0
57,1,2,0
58,1,2,0
59,1,2,0
60,1,2,0
61,1,2,0
62,1,2,0
63,1,2,0
64,1,2,0
65,1,2,0
66,1,2,0
67,1,2,0
68,1,2,0
69,1,2,0
70,1,2,0
71,1,2,1
72,1,2,1
73,1,2,1
74,1,2,1
75,1,2,1
76,1,2,1
77,1,2,1
78,1,2,1
79,1,2,1
80,1,2,1
81,1,2,1
82,1,2,1
83,1,2,1
84,1,2,1
85,1,2,1
86,1,2,1
87,1,2,1
88,1,2,1
89,1,2,1
90,1,2,1
91,1,2,1
92,1,2,1
93,1,2,1
94,1,2,1
95,1,2,1
96,1,2,1
97,1,2,1
98,1,2,1
99,1,2,1
100,1,2,1
101,1,2,1
102,1,2,1
103,1,2,1
104,1,2,1
105,1,2,1
106,1,2,1
107,1,2,1
108,1,2,1
109,1,2,1
110,1,2,1
111,1,2,1
112,1,2,1
113,1,2,1
114,1,2,1
115,1,2,1
116,1,2,1
117,1,2,1
118,1,2,1
119,1,2,1
120,1,2,1
121,1,2,1
122,1,2,1
123,1,2,1
124,1,2,1
125,1,2,1
126,1,2,1
127,1,2,1
128,1,2,1
129,1,2,1
130,1,2,1
131,1,2,1
132,1,2,1
133,1,2,1
134,1,2,1
135,1,2,1
136,1,2,1
137,1,2,1
138,1,2,1
139,1,2,1
140,1,2,1
141,1,2,1
142,1,2,1
143,1,2,1
144,1,2,1
145,1,2,1
146,1,2,1
147,1,2,1
148,1,2,1
149,1,2,1
150,1,2,1
151,1,2,1
152,1,2,1
153,1,2,1
154,1,2,1
155,1,2,1
156,1,2,1
157,1,2,1
158,1,2,1
159,1,2,1
160,1,2,1
161,1,2,1
162,1,2,1
163,1,2,1
164,1,2,1
165,1,2,1
166,1,2,1
167,1,2,1
168,1,2,1
169,1,2,1
170,1,2,1
171,1,2,1
172,1,2,1
173,1,2,1
174,1,2,1
175,1,2,1
176,1,2,1
177,1,2,1
178,1,2,1
179,1,2,1
180,1,2,1
181,1,2,1
182,1,2,1
183,1,2,1
184,1,2,1
185,1,2,1
186,1,2,1
187,1,2,1
188,1,2,1
189,1,2,1
190,1,2,1
191,1,2,1
192,1,2,1
193,1,2,1
194,1,2,1
195,1,2,1
196,1,2,1
197,1,2,1
198,1,2,1
199,1,2,1
200,1,2,1
201,1,2,1
202,1,2,1
203,1,2,1
204,1,2,1
205,1,2,1
206,1,2,1
207,1,2,1
208,1,2,1
209,1,2,1
210,1,2,1
211,1,2,1
212,1,2,1
213,1,2,1
214,1,2,1
215,1,2,1
216,1,2,1
217,1,2,1
218,1,2,1
219,1,2,1
220,1,2,1
221,1,2,1
222,1,2,1
223,1,2,1
224,1,2,1
225,1,2,1
226,1,2,1
227,1,2,1
228,1,2,1
229,1,2,1
230,1,2,1
231,1,2,1
232,1,2,1
233,1,2,1
234,1,2,1
235,1,2,1
236,1,2,1
237,1,2,1
238,1,2,1
239,1,2,1
240,1,2,1
241,1,2,0
242,1,2,0
243,1,2,0
244,1,2,0
245,1,2,0
246,1,2,0
247,1,2,0
248,1,2,0
249,1,2,0
250,1,2,0
251,1,2,0
252,1,2,0
253,1,2,0
254,1,2,0
255,1,2,0
256,1,2,0
257,1,2,0
258,1,2,0
259,1,2,0
260,1,2,0
261,1,2,0
262,1,2,0
263,1,2,0
264,1,2,0
265,1,2,0
266,1,2,0
267,1,2,0
268,1,2,0
269,1,2,0
270,1,2,0
271,1,2,0
272,1,2,0
273,1,2,0
274,1,2,0
275,1,2,0
276,1,2,0
277,1,2,0
278,1,2,0
279,1,2,0
280,1,2,0
281,1,2,0
282,1,2,0
283,1,2,0
284,1,2,0
285,1,2,0
286,1,2,0
287,1,2,0
0,2,2,0
1,2,2,0
2,2,2,0
3,2,2,0
4,2,2,0
5,2,2,0
6,2,2,0
7,2,2,0
8,2,2,0
9,2,2,0
10,2,2,0
11,2,2,0
12,2,2,0
13,2,2,0
14,2,2,0
15,2,2,0
16,2,2,0
17,2,2,0
18,2,2,0
19,2,2,0
20,2,2,0
21,2,2,0
22,2,2,0
23,2,2,0
24,2,2,0
25,2,2,0
26,2,2,0
27,2,2,0
28,2,2,0
29,2,2,0
30,2,2,0
31,2,2,0
32,2,2,0
33,2,2,0
34,2,2,0
35,2,2,0
36,2,2,0
37,2,2,0
38,2,2,0
39,2,2,0
40,2,2,0
41,2,2,0
42,2,2,0
43,2,2,0
44,2,2,0
45,2,2,0
46,2,2,0
47,2,2,0
48,2,2,0
49,2,2,0
50,2,2,0
51,2,2,0
52,2,2,0
53,2,2,0
54,2,2,0
55,2,2,0
56,2,2,0
57,2,2,0
58,2,2,0
59,2,2,0
60,2,2,0
61,2,2,0
62,2,2,0
63,2,2,0
64,2,2,0
65,2,2,0
66,2,2,0
67,2,2,0
68,2,2,0
69,2,2,0
70,2,2,0
71,2,2,0
72,2,2,0
73,2,2,0
74,2,2,0
75,2,2,0
76,2,2,0
77,2,2,0
78,2,2,0
79,2,2,0
80,2,2,0
81,2,2,0
82,2,2,0
83,2,2,0
84,2,2,0
85,2,2,0
86,2,2,0
87,2,2,0
88,2,2,0
89,2,2,0
90,2,2,0
91,2,2,0
92,2,2,0
93,2,2,0
94,2,2,0
95,2,2,0
96,2,2,0
97,2,2,0
98,2,2,0
99,2,2,0
100,2,2,0
101,2,2,0
102,2,2,0
103,2,2,0
104,2,2,0
105,2,2,0
106,2,2,0
107,2,2,0
108,2,2,0
109,2,2,0
110,2,2,0
111,2,2,0
112,2,2,0
113,2,2,0
114,2,2,0
115,2,2,0
116,2,2,0
117,2,2,0
118,2,2,0
119,2,2,0
120,2,2,0
121,2,2,0
122,2,2,0
123,2,2,0
124,2,2,0
125,2,2,0
126,2,2,0
127,2,2,0
128,2,2,0
129,2,2,0
130,2,2,0
131,2,2,0
132,2,2,0
133,2,2,0
134,2,2,0
135,2,2,0
136,2,2,0
137,2,2,0
138,2,2,0
139,2,2,0
140,2,2,0
141,2,2,0
142,2,2,0
143,2,2,0
144,2,2,0
145,2,2,0
146,2,2,0
147,2,2,0
148,2,2,0
149,2,2,0
150,2,2,0
151,2,2,0
152,2,2,0
153,2,2,0
154,2,2,0
155,2,2,0
156,2,2,0
157,2,2,0
158,2,2,0
159,2,2,0
160,2,2,0
161,2,2,0
162,2,2,0
163,2,2,0
164,2,2,0
165,2,2,0
166,2,2,0
167,2,2,0
168,2,2,0
169,2,2,0
170,2,2,0
171,2,2,0
172,2,2,0
173,2,2,0
174,2,2,0
175,2,2,0
176,2,2,0
177,2,2,0
178,2,2,0
179,2,2,0
180,2,2,0
181,2,2,0
182,2,2,0
183,2,2,0
184,2,2,0
185,2,2,0
186,2,2,0
187,2,2,0
188,2,2,0
189,2,2,0
190,2,2,0
191,2,2,0
192,2,2,0
193,2,2,0
194,2,2,0
195,2,2,0
196,2,2,0
197,2,2,0
198,2,2,0
199,2,2,0
200,2,2,0
201,2,2,0
202,2,2,0
203,2,2,0
204,2,2,0
205,2,2,0
206,2,2,0
207,2,2,0
208,2,2,0
209,2,2,0
210,2,2,0
211,2,2,0
212,2,2,0
213,2,2,0
214,2,2,0
215,2,2,0
216,2,2,0
217,2,2,0
218,2,2,0
219,2,2,0
220,2,2,0
221,2,2,0
222,2,2,0
223,2,2,0
224,2,2,0
225,2,2,0
226,2,2,0
227,2,2,0
228,2,2,0
229,2,2,0
230,2,2,0
231,2,2,0
232,2,2,0
233,2,2,0
234,2,2,0
235,2,2,0
236,2,2,0
237,2,2,0
238,2,2,0
239,2,2,0
240,2,2,0
241,2,2,0
242,2,2,0
243,2,2,0
244,2,2,0
245,2,2,0
246,2,2,0
247,2,2,0
248,2,2,0
249,2,2,0
250,2,2,0
251,2,2,0
252,2,2,0
253,2,2,0
254,2,2,0
255,2,2,0
256,2,2,0
257,2,2,0
258,2,2,0
259,2,2,0
260,2,2,0
261,2,2,0
262,2,2,0
263,2,2,0
264,2,2,0
265,2,2,0
266,2,2,0
267,2,2,0
268,2,2,0
269,2,2,0
270,2,2,0
271,2,2,0
272,2,2,0
273,2,2,0
274,2,2,0
275,2,2,0
276,2,2,0
277,2,2,0
278,2,2,0
279,2,2,0
280,2,2,0
281,2,2,0
282,2,2,0
283,2,2,0
284,2,2,0
285,2,2,0
286,2,2,0
287,2,2,0
0,3,2,0
1,3,2,0
2,3,2,0
3,3,2,0
4,3,2,0
5,3,2,0
6,3,2,0
7,3,2,0
8,3,2,0
9,3,2,0
10,3,2,0
11,3,2,0
12,3,2,0
13,3,2,0
14,3,2,0
15,3,2,0
16,3,2,0
17,3,2,0
18,3,2,0
19,3,2,0
20,3,2,0
21,3,2,0
22,3,2,0
23,3,2,0
24,3,2,0
25,3,2,0
26,3,2,0
27,3,2,0
28,3,2,0
29,3,2,0
30,3,2,0
31,3,2,0
32,3,2,0
33,3,2,0
34,3,2,0
35,3,2,0
36,3,2,0
37,3,2,0
38,3,2,0
39,3,2,0
40,3,2,0
41,3,2,0
42,3,2,0
43,3,2,0
44,3,2,0
45,3,2,0
46,3,2,0
47,3,2,0
48,3,2,0
49,3,2,0
50,3,2,0
51,3,2,0
52,3,2,0
53,3,2,0
54,3,2,0
55,3,2,0
56,3,2,0
57,3,2,0
58,3,2,0
59,3,2,0
60,3,2,0
61,3,2,0
62,3,2,0
63,3,2,0
64,3,2,0
65,3,2,0
66,3,2,0
67,3,2,0
68,3,2,0
69,3,2,0
70,3,2,0
71,3,2,0
72,3,2,0
73,3,2,0
74,3,2,0
75,3,2,0
76,3,2,0
77,3,2,0
78,3,2,0
79,3,2,0
80,3,2,0
81,3,2,0
82,3,2,0
83,3,2,0
84,3,2,0
85,3,2,0
86,3,2,0
87,3,2,0
88,3,2,0
89,3,2,0
90,3,2,0
91,3,2,0
92,3,2,0
93,3,2,0
94,3,2,0
95,3,2,0
96,3,2,1
97,3,2,1
98,3,2,1
99,3,2,1
100,3,2,1
101,3,2,1
102,3,2,1
103,3,2,1
104,3,2,1
105,3,2,1
106,3,2,1
107,3,2,1
108,3,2,1
109,3,2,1
110,3,2,1
111,3,2,1
112,3,2,1
113,3,2,1
114,3,2,1
115,3,2,1
116,3,2,1
117,3,2,1
118,3,2,1
119,3,2,1
120,3,2,1
121,3,2,1
122,3,2,1
123,3,2,1
124,3,2,1
125,3,2,1
126,3,2,1
127,3,2,1
128,3,2,1
129,3,2,1
130,3,2,1
131,3,2,1
132,3,2,1
133,3,2,1
134,3,2,1
135,3,2,1
136,3,2,1
137,3,2,1
138,3,2,1
139,3,2,1
140,3,2,1
141,3,2,1
142,3,2,1
143,3,2,1
144,3,2,1
145,3,2,1
146,3,2,1
147,3,2,1
148,3,2,1
149,3,2,1
150,3,2,1
151,3,2,1
152,3,2,1
153,3,2,1
154,3,2,1
155,3,2,1
156,3,2,0
157,3,2,0
158,3,2,0
159,3,2,0
160,3,2,0
161,3,2,0
162,3,2,0
163,3,2,0
164,3,2,0
165,3,2,0
166,3,2,0
167,3,2,0
168,3,2,0
169,3,2,0
170,3,2,0
171,3,2,0
172,3,2,0
173,3,2,0
174,3,2,0
175,3,2,0
176,3,2,0
177,3,2,0
178,3,2,0
179,3,2,0
180,3,2,0
181,3,2,0
182,3,2,0
183,3,2,0
184,3,2,0
185,3,2,0
186,3,2,0
187,3,2,0
188,3,2,0
189,3,2,0
190,3,2,0
191,3,2,0
192,3,2,0
193,3,2,0
194,3,2,0
195,3,2,0
196,3,2,0
197,3,2,0
198,3,2,0
199,3,2,0
200,3,2,0
201,3,2,0
202,3,2,0
203,3,2,0
204,3,2,0
205,3,2,0
206,3,2,0
207,3,2,0
208,3,2,0
209,3,2,0
210,3,2,0
211,3,2,0
212,3,2,0
213,3,2,0
214,3,2,0
215,3,2,0
216,3,2,0
217,3,2,0
218,3,2,0
219,3,2,0
220,3,2,0
221,3,2,0
222,3,2,0
223,3,2,0
224,3,2,0
225,3,2,0
226,3,2,0
227,3,2,0
228,3,2,0
229,3,2,0
230,3,2,0
231,3,2,0
232,3,2,0
233,3,2,0
234,3,2,0
235,3,2,0
236,3,2,0
237,3,2,0
238,3,2,0
239,3,2,0
240,3,2,0
241,3,2,0
242,3,2,0
243,3,2,0
244,3,2,0
245,3,2,0
246,3,2,0
247,3,2,0
248,3,2,0
249,3,2,0
250,3,2,0
251,3,2,0
252,3,2,0
253,3,2,0
254,3,2,0
255,3,2,0
256,3,2,0
257,3,2,0
258,3,2,0
259,3,2,0
260,3,2,0
261,3,2,0
262,3,2,0
263,3,2,0
264,3,2,0
265,3,2,0
266,3,2,0
267,3,2,0
268,3,2,0
269,3,2,0
270,3,2,0
271,3,2,0
272,3,2,0
273,3,2,0
274,3,2,0
275,3,2,0
276,3,2,0
277,3,2,0
278,3,2,0
279,3,2,0
280,3,2,0
281,3,2,0
282,3,2,0
283,3,2,0
284,3,2,0
285,3,2,0
286,3,2,0
287,3,2,0
0,4,2,0
1,4,2,0
2,4,2,0
3,4,2,0
4,4,2,0
5,4,2,0
6,4,2,0
7,4,2,0
8,4,2,0
9,4,2,0
10,4,2,0
11,4,2,0
12,4,2,0
13,4,2,0
14,4,2,0
15,4,2,0
16,4,2,0
17,4,2,0
18,4,2,0
19,4,2,0
20,4,2,0
21,4,2,0
22,4,2,0
23,4,2,0
24,4,2,0
25,4,2,0
26,4,2,0
27,4,2,0
28,4,2,0
29,4,2,0
30,4,2,0
31,4,2,0
32,4,2,0
33,4,2,0
34,4,2,0
35,4,2,0
36,4,2,0
37,4,2,0
38,4,2,0
39,4,2,0
40,4,2,0
41,4,2,0
42,4,2,0
43,4,2,0
44,4,2,0
45,4,2,0
46,4,2,0
47,4,2,0
48,4,2,0
49,4,2,0
50,4,2,0
51,4,2,0
52,4,2,0
53,4,2,0
54,4,2,0
55,4,2,0
56,4,2,0
57,4,2,0
58,4,2,0
59,4,2,0
60,4,2,0
61,4,2,0
62,4,2,0
63,4,2,0
64,4,2,0
65,4,2,0
66,4,2,0
67,4,2,0
68,4,2,0
69,4,2,0
70,4,2,0
71,4,2,0
72,4,2,0
73,4,2,0
74,4,2,0
75,4,2,0
76,4,2,0
77,4,2,0
78,4,2,0
79,4,2,0
80,4,2,0
81,4,2,0
82,4,2,0
83,4,2,0
84,4,2,0
85,4,2,0
86,4,2,0
87,4,2,0
88,4,2,0
89,4,2,0
90,4,2,0
91,4,2,0
92,4,2,0
93,4,2,0
94,4,2,0
95,4,2,0
96,4,2,0
97,4,2,0
98,4,2,1
99,4,2,1
100,4,2,1
101,4,2,1
102,4,2,1
103,4,2,1
104,4,2,1
105,4,2,1
106,4,2,1
107,4,2,1
108,4,2,1
109,4,2,1
110,4,2,1
111,4,2,1
112,4,2,1
113,4,2,1
114,4,2,1
115,4,2,1
116,4,2,1
117,4,2,1
118,4,2,1
119,4,2,1
120,4,2,1
121,4,2,1
122,4,2,1
123,4,2,1
124,4,2,1
125,4,2,1
126,4,2,1
127,4,2,1
128,4,2,1
129,4,2,1
130,4,2,1
131,4,2,1
132,4,2,1
133,4,2,1
134,4,2,1
135,4,2,1
136,4,2,1
137,4,2,1
138,4,2,1
139,4,2,1
140,4,2,1
141,4,2,1
142,4,2,1
143,4,2,1
144,4,2,1
145,4,2,1
146,4,2,1
147,4,2,1
148,4,2,1
149,4,2,1
150,4,2,1
151,4,2,1
152,4,2,1
153,4,2,1
154,4,2,1
155,4,2,1
156,4,2,1
157,4,2,1
158,4,2,1
159,4,2,1
160,4,2,1
161,4,2,1
162,4,2,1
163,4,2,1
164,4,2,1
165,4,2,1
166,4,2,1
167,4,2,1
168,4,2,1
169,4,2,1
170,4,2,1
171,4,2,1
172,4,2,1
173,4,2,1
174,4,2,1
175,4,2,1
176,4,2,1
177,4,2,1
178,4,2,1
179,4,2,1
180,4,2,1
181,4,2,1
182,4,2,1
183,4,2,1
184,4,2,1
185,4,2,1
186,4,2,1
187,4,2,1
188,4,2,1
189,4,2,1
190,4,2,1
191,4,2,1
192,4,2,1
193,4,2,1
194,4,2,1
195,4,2,1
196,4,2,1
197,4,2,1
198,4,2,1
199,4,2,1
200,4,2,1
201,4,2,1
202,4,2,1
203,4,2,1
204,4,2,1
205,4,2,1
206,4,2,1
207,4,2,1
208,4,2,1
209,4,2,1
210,4,2,1
211,4,2,1
212,4,2,1
213,4,2,1
214,4,2,1
215,4,2,1
216,4,2,1
217,4,2,1
218,4,2,1
219,4,2,1
220,4,2,1
221,4,2,1
222,4,2,1
223,4,2,1
224,4,2,1
225,4,2,0
226,4,2,0
227,4,2,0
228,4,2,0
229,4,2,0
230,4,2,0
231,4,2,0
232,4,2,0
233,4,2,0
234,4,2,0
235,4,2,0
236,4,2,0
237,4,2,0
238,4,2,0
239,4,2,0
240,4,2,0
241,4,2,0
242,4,2,0
243,4,2,0
244,4,2,0
245,4,2,0
246,4,2,0
247,4,2,0
248,4,2,0
249,4,2,0
250,4,2,0
251,4,2,0
252,4,2,0
253,4,2,0
254,4,2,0
255,4,2,0
256,4,2,0
257,4,2,0
258,4,2,0
259,4,2,0
260,4,2,0
261,4,2,0
262,4,2,0
263,4,2,0
264,4,2,0
265,4,2,0
266,4,2,0
267,4,2,0
268,4,2,0
269,4,2,0
270,4,2,0
271,4,2,0
272,4,2,0
273,4,2,0
274,4,2,0
275,4,2,0
276,4,2,0
277,4,2,0
278,4,2,0
279,4,2,0
280,4,2,0
281,4,2,0
282,4,2,0
283,4,2,0
284,4,2,0
285,4,2,0
286,4,2,0
287,4,2,0
0,5,2,0
1,5,2,0
2,5,2,0
3,5,2,0
4,5,2,0
5,5,2,0
6,5,2,0
7,5,2,0
8,5,2,0
9,5,2,0
10,5,2,0
11,5,2,0
12,5,2,0
13,5,2,0
14,5,2,0
15,5,2,0
16,5,2,0
17,5,2,0
18,5,2,0
19,5,2,0
20,5,2,0
21,5,2,0
22,5,2,0
23,5,2,0
24,5,2,0
25,5,2,0
26,5,2,0
27,5,2,0
28,5,2,0
29,5,2,0
30,5,2,0
31,5,2,0
32,5,2,0
33,5,2,0
34,5,2,0
35,5,2,0
36,5,2,0
37,5,2,0
38,5,2,0
39,5,2,0
40,5,2,0
41,5,2,0
42,5,2,0
43,5,2,0
44,5,2,0
45,5,2,0
46,5,2,0
47,5,2,0
48,5,2,0
49,5,2,0
50,5,2,0
51,5,2,0
52,5,2,0
53,5,2,0
54,5,2,0
55,5,2,0
56,5,2,0
57,5,2,0
58,5,2,0
59,5,2,0
60,5,2,0
61,5,2,0
62,5,2,0
63,5,2,0
64,5,2,0
65,5,2,0
66,5,2,0
67,5,2,0
68,5,2,0
69,5,2,0
70,5,2,0
71,5,2,0
72,5,2,0
73,5,2,0
74,5,2,0
75,5,2,0
76,5,2,0
77,5,2,0
78,5,2,0
79,5,2,0
80,5,2,0
81,5,2,0
82,5,2,0
83,5,2,0
84,5,2,0
85,5,2,0
86,5,2,0
87,5,2,0
88,5,2,0
89,5,2,0
90,5,2,0
91,5,2,0
92,5,2,0
93,5,2,0
94,5,2,0
95,5,2,0
96,5,2,0
97,5,2,0
98,5,2,0
99,5,2,0
100,5,2,0
101,5,2,0
102,5,2,0
103,5,2,0
104,5,2,0
105,5,2,0
106,5,2,0
107,5,2,0
108,5,2,0
109,5,2,0
110,5,2,0
111,5,2,0
112,5,2,0
113,5,2,0
114,5,2,0
115,5,2,0
116,5,2,0
117,5,2,0
118,5,2,0
119,5,2,0
120,5,2,0
121,5,2,0
122,5,2,0
123,5,2,0
124,5,2,0
125,5,2,0
126,5,2,0
127,5,2,0
128,5,2,0
129,5,2,0
130,5,2,0
131,5,2,0
132,5,2,0
133,5,2,0
134,5,2,0
135,5,2,0
136,5,2,0
137,5,2,0
138,5,2,0
139,5,2,0
140,5,2,0
141,5,2,0
142,5,2,0
143,5,2,0
144,5,2,0
145,5,2,0
146,5,2,0
147,5,2,0
148,5,2,0
149,5,2,0
150,5,2,0
151,5,2,0
152,5,2,0
153,5,2,0
154,5,2,0
155,5,2,0
156,5,2,0
157,5,2,0
158,5,2,0
159,5,2,0
160,5,2,0
161,5,2,0
162,5,2,0
163,5,2,0
164,5,2,0
165,5,2,0
166,5,2,0
167,5,2,0
168,5,2,0
169,5,2,0
170,5,2,0
171,5,2,0
172,5,2,0
173,5,2,1
174,5,2,1
175,5,2,1
176,5,2,1
177,5,2,1
178,5,2,1
179,5,2,1
180,5,2,1
181,5,2,1
182,5,2,1
183,5,2,1
184,5,2,1
185,5,2,1
186,5,2,1
187,5,2,1
188,5,2,1
189,5,2,1
190,5,2,1
191,5,2,1
192,5,2,1
193,5,2,1
194,5,2,1
195,5,2,1
196,5,2,1
197,5,2,1
198,5,2,1
199,5,2,1
200,5,2,1
201,5,2,1
202,5,2,1
203,5,2,1
204,5,2,1
205,5,2,1
206,5,2,1
207,5,2,1
208,5,2,1
209,5,2,1
210,5,2,0
211,5,2,0
212,5,2,0
213,5,2,0
214,5,2,0
215,5,2,0
216,5,2,0
217,5,2,0
218,5,2,0
219,5,2,0
220,5,2,0
221,5,2,0
222,5,2,0
223,5,2,0
224,5,2,0
225,5,2,0
226,5,2,0
227,5,2,0
228,5,2,0
229,5,2,0
230,5,2,0
231,5,2,0
232,5,2,0
233,5,2,0
234,5,2,0
235,5,2,0
236,5,2,0
237,5,2,0
238,5,2,0
239,5,2,0
240,5,2,0
241,5,2,0
242,5,2,0
243,5,2,0
244,5,2,0
245,5,2,0
246,5,2,0
247,5,2,0
248,5,2,0
249,5,2,0
250,5,2,0
251,5,2,0
252,5,2,0
253,5,2,0
254,5,2,0
255,5,2,0
256,5,2,0
257,5,2,0
258,5,2,0
259,5,2,0
260,5,2,0
261,5,2,0
262,5,2,0
263,5,2,0
264,5,2,0
265,5,2,0
266,5,2,0
267,5,2,0
268,5,2,0
269,5,2,0
270,5,2,0
271,5,2,0
272,5,2,0
273,5,2,0
274,5,2,0
275,5,2,0
276,5,2,0
277,5,2,0
278,5,2,0
279,5,2,0
280,5,2,0
281,5,2,0
282,5,2,0
283,5,2,0
284,5,2,0
285,5,2,0
286,5,2,0
287,5,2,0
0,6,2,0
1,6,2,0
2,6,2,0
3,6,2,0
4,6,2,0
5,6,2,0
6,6,2,0
7,6,2,0
8,6,2,0
9,6,2,0
10,6,2,0
11,6,2,0
12,6,2,0
13,6,2,0
14,6,2,0
15,6,2,0
16,6,2,0
17,6,2,0
18,6,2,0
19,6,2,0
20,6,2,0
21,6,2,0
22,6,2,0
23,6,2,0
24,6,2,0
25,6,2,0
26,6,2,0
27,6,2,0
28,6,2,0
29,6,2,0
30,6,2,0
31,6,2,0
32,6,2,0
33,6,2,0
34,6,2,0
35,6,2,0
36,6,2,0
37,6,2,0
38,6,2,0
39,6,2,0
40,6,2,0
41,6,2,0
42,6,2,0
43,6,2,0
44,6,2,0
45,6,2,0
46,6,2,0
47,6,2,0
48,6,2,0
49,6,2,0
50,6,2,0
51,6,2,0
52,6,2,0
53,6,2,0
54,6,2,0
55,6,2,0
56,6,2,0
57,6,2,0
58,6,2,0
59,6,2,0
60,6,2,0
61,6,2,0
62,6,2,0
63,6,2,0
64,6,2,0
65,6,2,0
66,6,2,0
67,6,2,0
68,6,2,0
69,6,2,0
70,6,2,0
71,6,2,0
72,6,2,0
73,6,2,0
74,6,2,0
75,6,2,0
76,6,2,0
77,6,2,0
78,6,2,0
79,6,2,0
80,6,2,0
81,6,2,0
82,6,2,0
83,6,2,0
84,6,2,0
85,6,2,0
86,6,2,0
87,6,2,0
88,6,2,0
89,6,2,0
90,6,2,0
91,6,2,0
92,6,2,0
93,6,2,0
94,6,2,0
95,6,2,0
96,6,2,0
97,6,2,0
98,6,2,0
99,6,2,0
100,6,2,0
101,6,2,0
102,6,2,0
103,6,2,0
104,6,2,0
105,6,2,0
106,6,2,0
107,6,2,0
108,6,2,0
109,6,2,0
110,6,2,0
111,6,2,0
112,6,2,0
113,6,2,0
114,6,2,0
115,6,2,0
116,6,2,0
117,6,2,0
118,6,2,0
119,6,2,0
120,6,2,0
121,6,2,0
122,6,2,0
123,6,2,0
124,6,2,0
125,6,2,0
126,6,2,0
127,6,2,0
128,6,2,0
129,6,2,0
130,6,2,0
131,6,2,0
132,6,2,0
133,6,2,0
134,6,2,0
135,6,2,0
136,6,2,0
137,6,2,0
138,6,2,0
139,6,2,0
140,6,2,0
141,6,2,0
142,6,2,0
143,6,2,0
144,6,2,0
145,6,2,0
146,6,2,0
147,6,2,0
148,6,2,0
149,6,2,0
150,6,2,0
151,6,2,0
152,6,2,0
153,6,2,0
154,6,2,0
155,6,2,0
156,6,2,0
157,6,2,0
158,6,2,0
159,6,2,0
160,6,2,0
161,6,2,0
162,6,2,0
163,6,2,0
164,6,2,0
165,6,2,0
166,6,2,0
167,6,2,0
168,6,2,0
169,6,2,0
170,6,2,0
171,6,2,0
172,6,2,0
173,6,2,0
174,6,2,0
175,6,2,0
176,6,2,0
177,6,2,0
178,6,2,0
179,6,2,0
180,6,2,0
181,6,2,0
182,6,2,0
183,6,2,0
184,6,2,0
185,6,2,0
186,6,2,0
187,6,2,0
188,6,2,0
189,6,2,0
190,6,2,0
191,6,2,0
192,6,2,0
193,6,2,0
194,6,2,0
195,6,2,0
196,6,2,0
197,6,2,0
198,6,2,0
199,6,2,0
200,6,2,0
201,6,2,0
202,6,2,0
203,6,2,0
204,6,2,0
205,6,2,0
206,6,2,0
207,6,2,0
208,6,2,0
209,6,2,0
210,6,2,0
211,6,2,0
212,6,2,0
213,6,2,0
214,6,2,0
215,6,2,0
216,6,2,0
217,6,2,0
218,6,2,0
219,6,2,0
220,6,2,0
221,6,2,0
222,6,2,0
223,6,2,0
224,6,2,0
225,6,2,0
226,6,2,0
227,6,2,0
228,6,2,0
229,6,2,0
230,6,2,0
231,6,2,0
232,6,2,0
233,6,2,0
234,6,2,0
235,6,2,0
236,6,2,0
237,6,2,0
238,6,2,0
239,6,2,0
240,6,2,0
241,6,2,0
242,6,2,0
243,6,2,0
244,6,2,0
245,6,2,0
246,6,2,0
247,6,2,0
248,6,2,0
249,6,2,0
250,6,2,0
251,6,2,0
252,6,2,0
253,6,2,0
254,6,2,0
255,6,2,0
256,6,2,0
257,6,2,0
258,6,2,0
259,6,2,0
260,6,2,0
261,6,2,0
262,6,2,0
263,6,2,0
264,6,2,0
265,6,2,0
266,6,2,0
267,6,2,0
268,6,2,0
269,6,2,0
270,6,2,0
271,6,2,0
272,6,2,0
273,6,2,0
274,6,2,0
275,6,2,0
276,6,2,0
277,6,2,0
278,6,2,0
279,6,2,0
280,6,2,0
281,6,2,0
282,6,2,0
283,6,2,0
284,6,2,0
285,6,2,0
286,6,2,0
287,6,2,0
0,0,3,1
1,0,3,1
2,0,3,1
3,0,3,1
4,0,3,1
5,0,3,1
6,0,3,1
7,0,3,1
8,0,3,1
9,0,3,1
10,0,3,1
11,0,3,1
12,0,3,1
13,0,3,1
14,0,3,1
15,0,3,1
16,0,3,1
17,0,3,1
18,0,3,1
19,0,3,1
20,0,3,1
21,0,3,1
22,0,3,1
23,0,3,1
24,0,3,1
25,0,3,1
26,0,3,1
27,0,3,1
28,0,3,1
29,0,3,1
30,0,3,1
31,0,3,1
32,0,3,1
33,0,3,1
34,0,3,1
35,0,3,1
36,0,3,1
37,0,3,1
38,0,3,1
39,0,3,1
40,0,3,1
41,0,3,1
42,0,3,1
43,0,3,1
44,0,3,1
45,0,3,1
46,0,3,1
47,0,3,1
48,0,3,1
49,0,3,1
50,0,3,1
51,0,3,1
52,0,3,1
53,0,3,1
54,0,3,1
55,0,3,1
56,0,3,1
57,0,3,1
58,0,3,1
59,0,3,1
60,0,3,1
61,0,3,1
62,0,3,1
63,0,3,1
64,0,3,1
65,0,3,1
66,0,3,1
67,0,3,1
68,0,3,1
69,0,3,1
70,0,3,1
71,0,3,1
72,0,3,1
73,0,3,1
74,0,3,1
75,0,3,1
76,0,3,1
77,0,3,1
78,0,3,0
79,0,3,0
80,0,3,0
81,0,3,0
82,0,3,0
83,0,3,0
84,0,3,0
85,0,3,0
86,0,3,0
87,0,3,0
88,0,3,0
89,0,3,0
90,0,3,0
91,0,3,0
92,0,3,0
93,0,3,0
94,0,3,0
95,0,3,0
96,0,3,0
97,0,3,0
98,0,3,0
99,0,3,0
100,0,3,0
101,0,3,0
102,0,3,0
103,0,3,0
104,0,3,0
105,0,3,0
106,0,3,0
107,0,3,0
108,0,3,0
109,0,3,0
110,0,3,0
111,0,3,0
112,0,3,0
113,0,3,0
114,0,3,0
115,0,3,0
116,0,3,0
117,0,3,0
118,0,3,0
119,0,3,0
120,0,3,0
121,0,3,0
122,0,3,0
123,0,3,0
124,0,3,0
125,0,3,0
126,0,3,0
127,0,3,0
128,0,3,0
129,0,3,0
130,0,3,0
131,0,3,0
132,0,3,0
133,0,3,0
134,0,3,0
135,0,3,0
136,0,3,0
137,0,3,0
138,0,3,0
139,0,3,0
140,0,3,0
141,0,3,0
142,0,3,0
143,0,3,0
144,0,3,0
145,0,3,0
146,0,3,0
147,0,3,0
148,0,3,0
149,0,3,0
150,0,3,0
151,0,3,0
152,0,3,0
153,0,3,0
154,0,3,0
155,0,3,0
156,0,3,0
157,0,3,0
158,0,3,0
159,0,3,0
160,0,3,0
161,0,3,0
162,0,3,0
163,0,3,0
164,0,3,0
165,0,3,0
166,0,3,0
167,0,3,0
168,0,3,0
169,0,3,0
170,0,3,0
171,0,3,0
172,0,3,0
173,0,3,0
174,0,3,0
175,0,3,0
176,0,3,0
177,0,3,0
178,0,3,0
179,0,3,0
180,0,3,0
181,0,3,0
182,0,3,0
183,0,3,0
184,0,3,0
185,0,3,0
186,0,3,0
187,0,3,0
188,0,3,0
189,0,3,0
190,0,3,0
191,0,3,0
192,0,3,0
193,0,3,0
194,0,3,0
195,0,3,0
196,0,3,0
197,0,3,0
198,0,3,0
199,0,3,0
200,0,3,0
201,0,3,0
202,0,3,0
203,0,3,0
204,0,3,0
205,0,3,0
206,0,3,0
207,0,3,0
208,0,3,0
209,0,3,0
210,0,3,0
211,0,3,0
212,0,3,0
213,0,3,0
214,0,3,0
215,0,3,0
216,0,3,1
217,0,3,1
218,0,3,1
219,0,3,1
220,0,3,1
221,0,3,1
222,0,3,1
223,0,3,1
224,0,3,1
225,0,3,1
226,0,3,1
227,0,3,1
228,0,3,1
229,0,3,1
230,0,3,1
231,0,3,1
232,0,3,1
233,0,3,1
234,0,3,1
235,0,3,1
236,0,3,1
237,0,3,1
238,0,3,1
239,0,3,1
240,0,3,1
241,0,3,1
242,0,3,1
243,0,3,1
244,0,3,1
245,0,3,1
246,0,3,1
247,0,3,1
248,0,3,1
249,0,3,1
250,0,3,1
251,0,3,1
252,0,3,1
253,0,3,1
254,0,3,1
255,0,3,1
256,0,3,1
257,0,3,1
258,0,3,1
259,0,3,1
260,0,3,1
261,0,3,1
262,0,3,1
263,0,3,1
264,0,3,1
265,0,3,1
266,0,3,1
267,0,3,1
268,0,3,1
269,0,3,1
270,0,3,1
271,0,3,1
272,0,3,1
273,0,3,1
274,0,3,1
275,0,3,1
276,0,3,1
277,0,3,1
278,0,3,1
279,0,3,1
280,0,3,1
281,0,3,1
282,0,3,1
283,0,3,1
284,0,3,1
285,0,3,1
286,0,3,1
287,0,3,1
0,1,3,1
1,1,3,1
2,1,3,1
3,1,3,1
4,1,3,1
5,1,3,1
6,1,3,1
7,1,3,1
8,1,3,1
9,1,3,1
10,1,3,1
11,1,3,1
12,1,3,1
13,1,3,1
14,1,3,1
15,1,3,1
16,1,3,1
17,1,3,1
18,1,3,1
19,1,3,1
20,1,3,1
21,1,3,1
22,1,3,1
23,1,3,1
24,1,3,1
25,1,3,1
26,1,3,1
27,1,3,1
28,1,3,1
29,1,3,1
30,1,3,1
31,1,3,1
32,1,3,1
33,1,3,1
34,1,3,1
35,1,3,1
36,1,3,1
37,1,3,1
38,1,3,1
39,1,3,1
40,1,3,1
41,1,3,1
42,1,3,1
43,1,3,1
44,1,3,1
45,1,3,1
46,1,3,1
47,1,3,1
48,1,3,1
49,1,3,1
50,1,3,1
51,1,3,1
52,1,3,1
53,1,3,1
54,1,3,1
55,1,3,1
56,1,3,1
57,1,3,1
58,1,3,1
59,1,3,1
60,1,3,1
61,1,3,1
62,1,3,1
63,1,3,1
64,1,3,1
65,1,3,1
66,1,3,1
67,1,3,1
68,1,3,1
69,1,3,1
70,1,3,1
71,1,3,1
72,1,3,1
73,1,3,1
74,1,3,1
75,1,3,1
76,1,3,1
77,1,3,1
78,1,3,0
79,1,3,0
80,1,3,0
81,1,3,0
82,1,3,0
83,1,3,0
84,1,3,0
85,1,3,0
86,1,3,0
87,1,3,0
88,1,3,0
89,1,3,0
90,1,3,0
91,1,3,0
92,1,3,0
93,1,3,0
94,1,3,0
95,1,3,0
96,1,3,0
97,1,3,0
98,1,3,0
99,1,3,0
100,1,3,0
101,1,3,0
102,1,3,0
103,1,3,0
104,1,3,0
105,1,3,0
106,1,3,0
107,1,3,0
108,1,3,0
109,1,3,0
110,1,3,0
111,1,3,0
112,1,3,0
113,1,3,0
114,1,3,0
115,1,3,0
116,1,3,0
117,1,3,0
118,1,3,0
119,1,3,0
120,1,3,0
121,1,3,0
122,1,3,0
123,1,3,0
124,1,3,0
125,1,3,0
126,1,3,0
127,1,3,0
128,1,3,0
129,1,3,0
130,1,3,0
131,1,3,0
132,1,3,0
133,1,3,0
134,1,3,0
135,1,3,0
136,1,3,0
137,1,3,0
138,1,3,0
139,1,3,0
140,1,3,0
141,1,3,0
142,1,3,0
143,1,3,0
144,1,3,0
145,1,3,0
146,1,3,0
147,1,3,0
148,1,3,0
149,1,3,0
150,1,3,0
151,1,3,0
152,1,3,0
153,1,3,0
154,1,3,0
155,1,3,0
156,1,3,0
157,1,3,0
158,1,3,0
159,1,3,0
160,1,3,0
161,1,3,0
162,1,3,0
163,1,3,0
164,1,3,0
165,1,3,0
166,1,3,0
167,1,3,0
168,1,3,0
169,1,3,0
170,1,3,0
171,1,3,0
172,1,3,0
173,1,3,0
174,1,3,0
175,1,3,0
176,1,3,0
177,1,3,0
178,1,3,0
179,1,3,0
180,1,3,0
181,1,3,0
182,1,3,0
183,1,3,0
184,1,3,0
185,1,3,0
186,1,3,0
187,1,3,0
188,1,3,0
189,1,3,0
190,1,3,0
191,1,3,0
192,1,3,0
193,1,3,0
194,1,3,0
195,1,3,0
196,1,3,0
197,1,3,0
198,1,3,0
199,1,3,0
200,1,3,0
201,1,3,0
202,1,3,0
203,1,3,0
204,1,3,0
205,1,3,0
206,1,3,0
207,1,3,0
208,1,3,0
209,1,3,0
210,1,3,0
211,1,3,0
212,1,3,0
213,1,3,0
214,1,3,0
215,1,3,0
216,1,3,1
217,1,3,1
218,1,3,1
219,1,3,1
220,1,3,1
221,1,3,1
222,1,3,1
223,1,3,1
224,1,3,1
225,1,3,1
226,1,3,1
227,1,3,1
228,1,3,1
229,1,3,1
230,1,3,1
231,1,3,1
232,1,3,1
233,1,3,1
234,1,3,1
235,1,3,1
236,1,3,1
237,1,3,1
238,1,3,1
239,1,3,1
240,1,3,1
241,1,3,1
242,1,3,1
243,1,3,1
244,1,3,1
245,1,3,1
246,1,3,1
247,1,3,1
248,1,3,1
249,1,3,1
250,1,3,1
251,1,3,1
252,1,3,1
253,1,3,1
254,1,3,1
255,1,3,1
256,1,3,1
257,1,3,1
258,1,3,1
259,1,3,1
260,1,3,1
261,1,3,1
262,1,3,1
263,1,3,1
264,1,3,1
265,1,3,1
266,1,3,1
267,1,3,1
268,1,3,1
269,1,3,1
270,1,3,1
271,1,3,1
272,1,3,1
273,1,3,1
274,1,3,1
275,1,3,1
276,1,3,1
277,1,3,1
278,1,3,1
279,1,3,1
280,1,3,1
281,1,3,1
282,1,3,1
283,1,3,1
284,1,3,1
285,1,3,1
286,1,3,1
287,1,3,1
0,2,3,1
1,2,3,1
2,2,3,1
3,2,3,1
4,2,3,1
5,2,3,1
6,2,3,1
7,2,3,1
8,2,3,1
9,2,3,1
10,2,3,1
11,2,3,1
12,2,3,1
13,2,3,1
14,2,3,1
15,2,3,1
16,2,3,1
17,2,3,1
18,2,3,1
19,2,3,1
20,2,3,1
21,2,3,1
22,2,3,1
23,2,3,1
24,2,3,1
25,2,3,1
26,2,3,1
27,2,3,1
28,2,3,1
29,2,3,1
30,2,3,1
31,2,3,1
32,2,3,1
33,2,3,1
34,2,3,1
35,2,3,1
36,2,3,1
37,2,3,1
38,2,3,1
39,2,3,1
40,2,3,1
41,2,3,1
42,2,3,1
43,2,3,1
44,2,3,1
45,2,3,1
46,2,3,1
47,2,3,1
48,2,3,1
49,2,3,1
50,2,3,1
51,2,3,1
52,2,3,1
53,2,3,1
54,2,3,1
55,2,3,1
56,2,3,1
57,2,3,1
58,2,3,1
59,2,3,1
60,2,3,1
61,2,3,1
62,2,3,1
63,2,3,1
64,2,3,1
65,2,3,1
66,2,3,1
67,2,3,1
68,2,3,1
69,2,3,1
70,2,3,1
71,2,3,1
72,2,3,1
73,2,3,1
74,2,3,1
75,2,3,1
76,2,3,1
77,2,3,1
78,2,3,0
79,2,3,0
80,2,3,0
81,2,3,0
82,2,3,0
83,2,3,0
84,2,3,0
85,2,3,0
86,2,3,0
87,2,3,0
88,2,3,0
89,2,3,0
90,2,3,0
91,2,3,0
92,2,3,0
93,2,3,0
94,2,3,0
95,2,3,0
96,2,3,0
97,2,3,0
98,2,3,0
99,2,3,0
100,2,3,0
101,2,3,0
102,2,3,0
103,2,3,0
104,2,3,0
105,2,3,0
106,2,3,0
107,2,3,0
108,2,3,0
109,2,3,0
110,2,3,0
111,2,3,0
112,2,3,0
113,2,3,0
114,2,3,0
115,2,3,0
116,2,3,0
117,2,3,0
118,2,3,0
119,2,3,0
120,2,3,0
121,2,3,0
122,2,3,0
123,2,3,0
124,2,3,0
125,2,3,0
126,2,3,0
127,2,3,0
128,2,3,0
129,2,3,0
130,2,3,0
131,2,3,0
132,2,3,0
133,2,3,0
134,2,3,0
135,2,3,0
136,2,3,0
137,2,3,0
138,2,3,0
139,2,3,0
140,2,3,0
141,2,3,0
142,2,3,0
143,2,3,0
144,2,3,0
145,2,3,0
146,2,3,0
147,2,3,0
148,2,3,0
149,2,3,0
150,2,3,0
151,2,3,0
152,2,3,0
153,2,3,0
154,2,3,0
155,2,3,0
156,2,3,0
157,2,3,0
158,2,3,0
159,2,3,0
160,2,3,0
161,2,3,0
162,2,3,0
163,2,3,0
164,2,3,0
165,2,3,0
166,2,3,0
167,2,3,0
168,2,3,0
169,2,3,0
170,2,3,0
171,2,3,0
172,2,3,0
173,2,3,0
174,2,3,0
175,2,3,0
176,2,3,0
177,2,3,0
178,2,3,0
179,2,3,0
180,2,3,0
181,2,3,0
182,2,3,0
183,2,3,0
184,2,3,0
185,2,3,0
186,2,3,0
187,2,3,0
188,2,3,0
189,2,3,0
190,2,3,0
191,2,3,0
192,2,3,0
193,2,3,0
194,2,3,0
195,2,3,0
196,2,3,0
197,2,3,0
198,2,3,0
199,2,3,0
200,2,3,0
201,2,3,0
202,2,3,0
203,2,3,0
204,2,3,0
205,2,3,0
206,2,3,0
207,2,3,0
208,2,3,0
209,2,3,0
210,2,3,0
211,2,3,0
212,2,3,0
213,2,3,0
214,2,3,0
215,2,3,0
216,2,3,1
217,2,3,1
218,2,3,1
219,2,3,1
220,2,3,1
221,2,3,1
222,2,3,1
223,2,3,1
224,2,3,1
225,2,3,1
226,2,3,1
227,2,3,1
228,2,3,1
229,2,3,1
230,2,3,1
231,2,3,1
232,2,3,1
233,2,3,1
234,2,3,1
235,2,3,1
236,2,3,1
237,2,3,1
238,2,3,1
239,2,3,1
240,2,3,1
241,2,3,1
242,2,3,1
243,2,3,1
244,2,3,1
245,2,3,1
246,2,3,1
247,2,3,1
248,2,3,1
249,2,3,1
250,2,3,1
251,2,3,1
252,2,3,1
253,2,3,1
254,2,3,1
255,2,3,1
256,2,3,1
257,2,3,1
258,2,3,1
259,2,3,1
260,2,3,1
261,2,3,1
262,2,3,1
263,2,3,1
264,2,3,1
265,2,3,1
266,2,3,1
267,2,3,1
268,2,3,1
269,2,3,1
270,2,3,1
271,2,3,1
272,2,3,1
273,2,3,1
274,2,3,1
275,2,3,1
276,2,3,1
277,2,3,1
278,2,3,1
279,2,3,1
280,2,3,1
281,2,3,1
282,2,3,1
283,2,3,1
284,2,3,1
285,2,3,1
286,2,3,1
287,2,3,1
0,3,3,1
1,3,3,1
2,3,3,1
3,3,3,1
4,3,3,1
5,3,3,1
6,3,3,1
7,3,3,1
8,3,3,1
9,3,3,1
10,3,3,1
11,3,3,1
12,3,3,1
13,3,3,1
14,3,3,1
15,3,3,1
16,3,3,1
17,3,3,1
18,3,3,1
19,3,3,1
20,3,3,1
21,3,3,1
22,3,3,1
23,3,3,1
24,3,3,1
25,3,3,1
26,3,3,1
27,3,3,1
28,3,3,1
29,3,3,1
30,3,3,1
31,3,3,1
32,3,3,1
33,3,3,1
34,3,3,1
35,3,3,1
36,3,3,1
37,3,3,1
38,3,3,1
39,3,3,1
40,3,3,1
41,3,3,1
42,3,3,1
43,3,3,1
44,3,3,1
45,3,3,1
46,3,3,1
47,3,3,1
48,3,3,1
49,3,3,1
50,3,3,1
51,3,3,1
52,3,3,1
53,3,3,1
54,3,3,1
55,3,3,1
56,3,3,1
57,3,3,1
58,3,3,1
59,3,3,1
60,3,3,1
61,3,3,1
62,3,3,1
63,3,3,1
64,3,3,1
65,3,3,1
66,3,3,1
67,3,3,1
68,3,3,1
69,3,3,1
70,3,3,1
71,3,3,1
72,3,3,1
73,3,3,1
74,3,3,1
75,3,3,1
76,3,3,1
77,3,3,1
78,3,3,0
79,3,3,0
80,3,3,0
81,3,3,0
82,3,3,0
83,3,3,0
84,3,3,0
85,3,3,0
86,3,3,0
87,3,3,0
88,3,3,0
89,3,3,0
90,3,3,0
91,3,3,0
92,3,3,0
93,3,3,0
94,3,3,0
95,3,3,0
96,3,3,0
97,3,3,0
98,3,3,0
99,3,3,0
100,3,3,0
101,3,3,0
102,3,3,0
103,3,3,0
104,3,3,0
105,3,3,0
106,3,3,0
107,3,3,0
108,3,3,0
109,3,3,0
110,3,3,0
111,3,3,0
112,3,3,0
113,3,3,0
114,3,3,0
115,3,3,0
116,3,3,0
117,3,3,0
118,3,3,0
119,3,3,0
120,3,3,0
121,3,3,0
122,3,3,0
123,3,3,0
124,3,3,0
125,3,3,0
126,3,3,0
127,3,3,0
128,3,3,0
129,3,3,0
130,3,3,0
131,3,3,0
132,3,3,0
133,3,3,0
134,3,3,0
135,3,3,0
136,3,3,0
137,3,3,0
138,3,3,0
139,3,3,0
140,3,3,0
141,3,3,0
142,3,3,0
143,3,3,0
144,3,3,0
145,3,3,0
146,3,3,0
147,3,3,0
148,3,3,0
149,3,3,0
150,3,3,0
151,3,3,0
152,3,3,0
153,3,3,0
154,3,3,0
155,3,3,0
156,3,3,0
157,3,3,0
158,3,3,0
159,3,3,0
160,3,3,0
161,3,3,0
162,3,3,0
163,3,3,0
164,3,3,0
165,3,3,0
166,3,3,0
167,3,3,0
168,3,3,0
169,3,3,0
170,3,3,0
171,3,3,0
172,3,3,0
173,3,3,0
174,3,3,0
175,3,3,0
176,3,3,0
177,3,3,0
178,3,3,0
179,3,3,0
180,3,3,0
181,3,3,0
182,3,3,0
183,3,3,0
184,3,3,0
185,3,3,0
186,3,3,0
187,3,3,0
188,3,3,0
189,3,3,0
190,3,3,0
191,3,3,0
192,3,3,0
193,3,3,0
194,3,3,0
195,3,3,0
196,3,3,0
197,3,3,0
198,3,3,0
199,3,3,0
200,3,3,0
201,3,3,0
202,3,3,0
203,3,3,0
204,3,3,0
205,3,3,0
206,3,3,0
207,3,3,0
208,3,3,0
209,3,3,0
210,3,3,0
211,3,3,0
212,3,3,0
213,3,3,0
214,3,3,0
215,3,3,0
216,3,3,1
217,3,3,1
218,3,3,1
219,3,3,1
220,3,3,1
221,3,3,1
222,3,3,1
223,3,3,1
224,3,3,1
225,3,3,1
226,3,3,1
227,3,3,1
228,3,3,1
229,3,3,1
230,3,3,1
231,3,3,1
232,3,3,1
233,3,3,1
234,3,3,1
235,3,3,1
236,3,3,1
237,3,3,1
238,3,3,1
239,3,3,1
240,3,3,1
241,3,3,1
242,3,3,1
243,3,3,1
244,3,3,1
245,3,3,1
246,3,3,1
247,3,3,1
248,3,3,1
249,3,3,1
250,3,3,1
251,3,3,1
252,3,3,1
253,3,3,1
254,3,3,1
255,3,3,1
256,3,3,1
257,3,3,1
258,3,3,1
259,3,3,1
260,3,3,1
261,3,3,1
262,3,3,1
263,3,3,1
264,3,3,1
265,3,3,1
266,3,3,1
267,3,3,1
268,3,3,1
269,3,3,1
270,3,3,1
271,3,3,1
272,3,3,1
273,3,3,1
274,3,3,1
275,3,3,1
276,3,3,1
277,3,3,1
278,3,3,1
279,3,3,1
280,3,3,1
281,3,3,1
282,3,3,1
283,3,3,1
284,3,3,1
285,3,3,1
286,3,3,1
287,3,3,1
0,4,3,1
1,4,3,1
2,4,3,1
3,4,3,1
4,4,3,1
5,4,3,1
6,4,3,1
7,4,3,1
8,4,3,1
9,4,3,1
10,4,3,1
11,4,3,1
12,4,3,1
13,4,3,1
14,4,3,1
15,4,3,1
16,4,3,1
17,4,3,1
18,4,3,1
19,4,3,1
20,4,3,1
21,4,3,1
22,4,3,1
23,4,3,1
24,4,3,1
25,4,3,1
26,4,3,1
27,4,3,1
28,4,3,1
29,4,3,1
30,4,3,1
31,4,3,1
32,4,3,1
33,4,3,1
34,4,3,1
35,4,3,1
36,4,3,1
37,4,3,1
38,4,3,1
39,4,3,1
40,4,3,1
41,4,3,1
42,4,3,1
43,4,3,1
44,4,3,1
45,4,3,1
46,4,3,1
47,4,3,1
48,4,3,1
49,4,3,1
50,4,3,1
51,4,3,1
52,4,3,1
53,4,3,1
54,4,3,1
55,4,3,1
56,4,3,1
57,4,3,1
58,4,3,1
59,4,3,1
60,4,3,1
61,4,3,1
62,4,3,1
63,4,3,1
64,4,3,1
65,4,3,1
66,4,3,1
67,4,3,1
68,4,3,1
69,4,3,1
70,4,3,1
71,4,3,1
72,4,3,1
73,4,3,1
74,4,3,1
75,4,3,1
76,4,3,1
77,4,3,1
78,4,3,0
79,4,3,0
80,4,3,0
81,4,3,0
82,4,3,0
83,4,3,0
84,4,3,0
85,4,3,0
86,4,3,0
87,4,3,0
88,4,3,0
89,4,3,0
90,4,3,0
91,4,3,0
92,4,3,0
93,4,3,0
94,4,3,0
95,4,3,0
96,4,3,0
97,4,3,0
98,4,3,0
99,4,3,0
100,4,3,0
101,4,3,0
102,4,3,0
103,4,3,0
104,4,3,0
105,4,3,0
106,4,3,0
107,4,3,0
108,4,3,0
109,4,3,0
110,4,3,0
111,4,3,0
112,4,3,0
113,4,3,0
114,4,3,0
115,4,3,0
116,4,3,0
117,4,3,0
118,4,3,0
119,4,3,0
120,4,3,0
121,4,3,0
122,4,3,0
123,4,3,0
124,4,3,0
125,4,3,0
126,4,3,0
127,4,3,0
128,4,3,0
129,4,3,0
130,4,3,0
131,4,3,0
132,4,3,0
133,4,3,0
134,4,3,0
135,4,3,0
136,4,3,0
137,4,3,0
138,4,3,0
139,4,3,0
140,4,3,0
141,4,3,0
142,4,3,0
143,4,3,0
144,4,3,0
145,4,3,0
146,4,3,0
147,4,3,0
148,4,3,0
149,4,3,0
150,4,3,0
151,4,3,0
152,4,3,0
153,4,3,0
154,4,3,0
155,4,3,0
156,4,3,0
157,4,3,0
158,4,3,0
159,4,3,0
160,4,3,0
161,4,3,0
162,4,3,0
163,4,3,0
164,4,3,0
165,4,3,0
166,4,3,0
167,4,3,0
168,4,3,0
169,4,3,0
170,4,3,0
171,4,3,0
172,4,3,0
173,4,3,0
174,4,3,0
175,4,3,0
176,4,3,0
177,4,3,0
178,4,3,0
179,4,3,0
180,4,3,0
181,4,3,0
182,4,3,0
183,4,3,0
184,4,3,0
185,4,3,0
186,4,3,0
187,4,3,0
188,4,3,0
189,4,3,0
190,4,3,0
191,4,3,0
192,4,3,0
193,4,3,0
194,4,3,0
195,4,3,0
196,4,3,0
197,4,3,0
198,4,3,0
199,4,3,0
200,4,3,0
201,4,3,0
202,4,3,0
203,4,3,0
204,4,3,0
205,4,3,0
206,4,3,0
207,4,3,0
208,4,3,0
209,4,3,0
210,4,3,0
211,4,3,0
212,4,3,0
213,4,3,0
214,4,3,0
215,4,3,0
216,4,3,1
217,4,3,1
218,4,3,1
219,4,3,1
220,4,3,1
221,4,3,1
222,4,3,1
223,4,3,1
224,4,3,1
225,4,3,1
226,4,3,1
227,4,3,1
228,4,3,1
229,4,3,1
230,4,3,1
231,4,3,1
232,4,3,1
233,4,3,1
234,4,3,1
235,4,3,1
236,4,3,1
237,4,3,1
238,4,3,1
239,4,3,1
240,4,3,1
241,4,3,1
242,4,3,1
243,4,3,1
244,4,3,1
245,4,3,1
246,4,3,1
247,4,3,1
248,4,3,1
249,4,3,1
250,4,3,1
251,4,3,1
252,4,3,1
253,4,3,1
254,4,3,1
255,4,3,1
256,4,3,1
257,4,3,1
258,4,3,1
259,4,3,1
260,4,3,1
261,4,3,1
262,4,3,1
263,4,3,1
264,4,3,1
265,4,3,1
266,4,3,1
267,4,3,1
268,4,3,1
269,4,3,1
270,4,3,1
271,4,3,1
272,4,3,1
273,4,3,1
274,4,3,1
275,4,3,1
276,4,3,1
277,4,3,1
278,4,3,1
279,4,3,1
280,4,3,1
281,4,3,1
282,4,3,1
283,4,3,1
284,4,3,1
285,4,3,1
286,4,3,1
287,4,3,1
0,5,3,1
1,5,3,1
2,5,3,1
3,5,3,1
4,5,3,1
5,5,3,1
6,5,3,1
7,5,3,1
8,5,3,1
9,5,3,1
10,5,3,1
11,5,3,1
12,5,3,1
13,5,3,1
14,5,3,1
15,5,3,1
16,5,3,1
17,5,3,1
18,5,3,1
19,5,3,1
20,5,3,1
21,5,3,1
22,5,3,1
23,5,3,1
24,5,3,1
25,5,3,1
26,5,3,1
27,5,3,1
28,5,3,1
29,5,3,1
30,5,3,1
31,5,3,1
32,5,3,1
33,5,3,1
34,5,3,1
35,5,3,1
36,5,3,1
37,5,3,1
38,5,3,1
39,5,3,1
40,5,3,1
41,5,3,1
42,5,3,1
43,5,3,1
44,5,3,1
45,5,3,1
46,5,3,1
47,5,3,1
48,5,3,1
49,5,3,1
50,5,3,1
51,5,3,1
52,5,3,1
53,5,3,1
54,5,3,1
55,5,3,1
56,5,3,1
57,5,3,1
58,5,3,1
59,5,3,1
60,5,3,1
61,5,3,1
62,5,3,1
63,5,3,1
64,5,3,1
65,5,3,1
66,5,3,1
67,5,3,1
68,5,3,1
69,5,3,1
70,5,3,1
71,5,3,1
72,5,3,1
73,5,3,1
74,5,3,1
75,5,3,1
76,5,3,1
77,5,3,1
78,5,3,0
79,5,3,0
80,5,3,0
81,5,3,0
82,5,3,0
83,5,3,0
84,5,3,0
85,5,3,0
86,5,3,0
87,5,3,0
88,5,3,0
89,5,3,0
90,5,3,0
91,5,3,0
92,5,3,0
93,5,3,0
94,5,3,0
95,5,3,0
96,5,3,0
97,5,3,0
98,5,3,0
99,5,3,0
100,5,3,0
101,5,3,0
102,5,3,0
103,5,3,0
104,5,3,0
105,5,3,0
106,5,3,0
107,5,3,0
108,5,3,0
109,5,3,0
110,5,3,0
111,5,3,0
112,5,3,0
113,5,3,0
114,5,3,0
115,5,3,0
116,5,3,0
117,5,3,0
118,5,3,0
119,5,3,0
120,5,3,0
121,5,3,0
122,5,3,0
123,5,3,0
124,5,3,0
125,5,3,0
126,5,3,0
127,5,3,0
128,5,3,0
129,5,3,0
130,5,3,0
131,5,3,0
132,5,3,0
133,5,3,0
134,5,3,0
135,5,3,0
136,5,3,0
137,5,3,0
138,5,3,0
139,5,3,0
140,5,3,0
141,5,3,0
142,5,3,0
143,5,3,0
144,5,3,0
145,5,3,0
146,5,3,0
147,5,3,0
148,5,3,0
149,5,3,0
150,5,3,0
151,5,3,0
152,5,3,0
153,5,3,0
154,5,3,0
155,5,3,0
156,5,3,0
157,5,3,0
158,5,3,0
159,5,3,0
160,5,3,0
161,5,3,0
162,5,3,0
163,5,3,0
164,5,3,0
165,5,3,0
166,5,3,0
167,5,3,0
168,5,3,0
169,5,3,0
170,5,3,0
171,5,3,0
172,5,3,0
173,5,3,0
174,5,3,0
175,5,3,0
176,5,3,0
177,5,3,0
178,5,3,0
179,5,3,0
180,5,3,0
181,5,3,0
182,5,3,0
183,5,3,0
184,5,3,0
185,5,3,0
186,5,3,0
187,5,3,0
188,5,3,0
189,5,3,0
190,5,3,0
191,5,3,0
192,5,3,0
193,5,3,0
194,5,3,0
195,5,3,0
196,5,3,0
197,5,3,0
198,5,3,0
199,5,3,0
200,5,3,0
201,5,3,0
202,5,3,0
203,5,3,0
204,5,3,0
205,5,3,0
206,5,3,0
207,5,3,0
208,5,3,0
209,5,3,0
210,5,3,0
211,5,3,0
212,5,3,0
213,5,3,0
214,5,3,0
215,5,3,0
216,5,3,1
217,5,3,1
218,5,3,1
219,5,3,1
220,5,3,1
221,5,3,1
222,5,3,1
223,5,3,1
224,5,3,1
225,5,3,1
226,5,3,1
227,5,3,1
228,5,3,1
229,5,3,1
230,5,3,1
231,5,3,1
232,5,3,1
233,5,3,1
234,5,3,1
235,5,3,1
236,5,3,1
237,5,3,1
238,5,3,1
239,5,3,1
240,5,3,1
241,5,3,1
242,5,3,1
243,5,3,1
244,5,3,1
245,5,3,1
246,5,3,1
247,5,3,1
248,5,3,1
249,5,3,1
250,5,3,1
251,5,3,1
252,5,3,1
253,5,3,1
254,5,3,1
255,5,3,1
256,5,3,1
257,5,3,1
258,5,3,1
259,5,3,1
260,5,3,1
261,5,3,1
262,5,3,1
263,5,3,1
264,5,3,1
265,5,3,1
266,5,3,1
267,5,3,1
268,5,3,1
269,5,3,1
270,5,3,1
271,5,3,1
272,5,3,1
273,5,3,1
274,5,3,1
275,5,3,1
276,5,3,1
277,5,3,1
278,5,3,1
279,5,3,1
280,5,3,1
281,5,3,1
282,5,3,1
283,5,3,1
284,5,3,1
285,5,3,1
286,5,3,1
287,5,3,1
0,6,3,1
1,6,3,1
2,6,3,1
3,6,3,1
4,6,3,1
5,6,3,1
6,6,3,1
7,6,3,1
8,6,3,1
9,6,3,1
10,6,3,1
11,6,3,1
12,6,3,1
13,6,3,1
14,6,3,1
15,6,3,1
16,6,3,1
17,6,3,1
18,6,3,1
19,6,3,1
20,6,3,1
21,6,3,1
22,6,3,1
23,6,3,1
24,6,3,1
25,6,3,1
26,6,3,1
27,6,3,1
28,6,3,1
29,6,3,1
30,6,3,1
31,6,3,1
32,6,3,1
33,6,3,1
34,6,3,1
35,6,3,1
36,6,3,1
37,6,3,1
38,6,3,1
39,6,3,1
40,6,3,1
41,6,3,1
42,6,3,1
43,6,3,1
44,6,3,1
45,6,3,1
46,6,3,1
47,6,3,1
48,6,3,1
49,6,3,1
50,6,3,1
51,6,3,1
52,6,3,1
53,6,3,1
54,6,3,1
55,6,3,1
56,6,3,1
57,6,3,1
58,6,3,1
59,6,3,1
60,6,3,1
61,6,3,1
62,6,3,1
63,6,3,1
64,6,3,1
65,6,3,1
66,6,3,1
67,6,3,1
68,6,3,1
69,6,3,1
70,6,3,1
71,6,3,1
72,6,3,1
73,6,3,1
74,6,3,1
75,6,3,1
76,6,3,1
77,6,3,1
78,6,3,1
79,6,3,1
80,6,3,1
81,6,3,1
82,6,3,1
83,6,3,1
84,6,3,1
85,6,3,1
86,6,3,1
87,6,3,1
88,6,3,1
89,6,3,1
90,6,3,1
91,6,3,1
92,6,3,1
93,6,3,1
94,6,3,1
95,6,3,1
96,6,3,1
97,6,3,1
98,6,3,1
99,6,3,1
100,6,3,1
101,6,3,1
102,6,3,1
103,6,3,1
104,6,3,1
105,6,3,1
106,6,3,1
107,6,3,1
108,6,3,1
109,6,3,1
110,6,3,1
111,6,3,1
112,6,3,1
113,6,3,1
114,6,3,1
115,6,3,1
116,6,3,1
117,6,3,1
118,6,3,1
119,6,3,1
120,6,3,1
121,6,3,1
122,6,3,1
123,6,3,1
124,6,3,1
125,6,3,1
126,6,3,1
127,6,3,1
128,6,3,1
129,6,3,1
130,6,3,1
131,6,3,1
132,6,3,1
133,6,3,1
134,6,3,1
135,6,3,1
136,6,3,1
137,6,3,1
138,6,3,1
139,6,3,1
140,6,3,1
141,6,3,1
142,6,3,1
143,6,3,1
144,6,3,1
145,6,3,1
146,6,3,1
147,6,3,1
148,6,3,1
149,6,3,1
150,6,3,1
151,6,3,1
152,6,3,1
153,6,3,1
154,6,3,1
155,6,3,1
156,6,3,1
157,6,3,1
158,6,3,1
159,6,3,1
160,6,3,1
161,6,3,1
162,6,3,1
163,6,3,1
164,6,3,1
165,6,3,1
166,6,3,1
167,6,3,1
168,6,3,1
169,6,3,1
170,6,3,1
171,6,3,1
172,6,3,1
173,6,3,1
174,6,3,1
175,6,3,1
176,6,3,1
177,6,3,1
178,6,3,1
179,6,3,1
180,6,3,1
181,6,3,1
182,6,3,1
183,6,3,1
184,6,3,1
185,6,3,1
186,6,3,1
187,6,3,1
188,6,3,1
189,6,3,1
190,6,3,1
191,6,3,1
192,6,3,1
193,6,3,1
194,6,3,1
195,6,3,1
196,6,3,1
197,6,3,1
198,6,3,1
199,6,3,1
200,6,3,1
201,6,3,1
202,6,3,1
203,6,3,1
204,6,3,1
205,6,3,1
206,6,3,1
207,6,3,1
208,6,3,1
209,6,3,1
210,6,3,1
211,6,3,1
212,6,3,1
213,6,3,1
214,6,3,1
215,6,3,1
216,6,3,1
217,6,3,1
218,6,3,1
219,6,3,1
220,6,3,1
221,6,3,1
222,6,3,1
223,6,3,1
224,6,3,1
225,6,3,1
226,6,3,1
227,6,3,1
228,6,3,1
229,6,3,1
230,6,3,1
231,6,3,1
232,6,3,1
233,6,3,1
234,6,3,1
235,6,3,1
236,6,3,1
237,6,3,1
238,6,3,1
239,6,3,1
240,6,3,1
241,6,3,1
242,6,3,1
243,6,3,1
244,6,3,1
245,6,3,1
246,6,3,1
247,6,3,1
248,6,3,1
249,6,3,1
250,6,3,1
251,6,3,1
252,6,3,1
253,6,3,1
254,6,3,1
255,6,3,1
256,6,3,1
257,6,3,1
258,6,3,1
259,6,3,1
260,6,3,1
261,6,3,1
262,6,3,1
263,6,3,1
264,6,3,1
265,6,3,1
266,6,3,1
267,6,3,1
268,6,3,1
269,6,3,1
270,6,3,1
271,6,3,1
272,6,3,1
273,6,3,1
274,6,3,1
275,6,3,1
276,6,3,1
277,6,3,1
278,6,3,1
279,6,3,1
280,6,3,1
281,6,3,1
282,6,3,1
283,6,3,1
284,6,3,1
285,6,3,1
286,6,3,1
287,6,3,1
